,cost,foodName,popular
0,50.198602506,crab,common
1,54.862374171,crayfish,common
2,67.532467532,lobster,popular
3,7.359569207,cod,popular
4,4.223411408,sunfish,
5,4.041759304,walleye pike,
6,4.271404719,northern pike,
7,3.297224696,"sunfish, cooked",
8,3.158685843,"walleye pike, cooked",
9,206.545454545,watercress,popular
10,32.036036036,pollock,
11,4.176484615,haddock,common
12,3.212680473,"perch, cooked",
13,4.176484615,burbot,
14,3.268553177,"burbot, cooked",
15,3.480403845,white fish,
16,3.758836153,"shrimp, canned",
17,44.584672319,shrimp,very popular
18,3.579843955,"atlantic cod, canned",
19,4.320501325,ling,
20,3.448473535,yellowfin tuna,
21,3.326403675,"northern pike, cooked",
22,4.583946528,atlantic cod,
23,3.386338877,"ling, cooked",
24,4.176484615,rockfish,
25,2.237402472,emu,
26,3.579843955,mackerel (raw),
27,3.875088818,smelt,
28,35.820895522,mackerel,common
29,3.649355488,skipjack tuna,
30,6.167488182,"ostrich inside leg, cooked",
31,3.758836153,snapper,
32,3.579843955,"atlantic cod, cooked",
33,18.192931904,pork liver,popular
34,1.138415319,"buffalo top round steak, cooked",
35,2.122413732,"deer tenderloin, cooked",
36,3.875088818,ground elk,
37,5.036625351,brocoli raab,common
38,21.573919249,pork leg sirloin tip roast,
39,149.220923077,halibut,common
40,4.42216018,mahimahi,
41,23.786583333,tilapia,common
42,1.713491099,buffalo top round steak,
43,33.542799179,veal,
44,628.571428571,seaweed (laver),
45,2.62855675,"ground elk, cooked",
46,7.246798614,ostrich,
47,24.378528752,pork kidney,
48,23.943513542,kangaroo,popular
49,11.851851852,beef liver,very popular
50,1.680637494,chicken liver,
51,10.916366776,whiting,
52,9.153850881,pastrami (fat free),
53,15.289511413,dried beluga,
54,5.906252709,chicken liver,very popular
55,116.279069767,mussel,
56,3.835547095,elk roast,
57,3.908210922,"lamb kidneys, cooked",
58,1.655704953,"deer shoulder, cooked",
59,44.639912788,whole turkey,
60,3.194339859,buffalo,
61,4.085691471,sucker,
62,50.501719517,veal kidneys,
63,46.293242891,turkey dark meat,
64,260.615384615,spirulina,common
65,40.319921228,turkey giblets,
66,62.590680412,sea bass,
67,53.506189585,spinach,very popular
68,30.434782609,squid,common
69,3.158685843,"sucker, cooked",
70,1.787684468,"chicken giblet, cooked",
71,2.027177218,"elk round, cooked",
72,43.856756423,turkey breast,
73,45.451547566,veal chop,
74,3.031319478,"smelt, cooked",
75,2.539754157,"elk roast, cooked",
76,3.448473535,"lingcod, cooked",
77,10.654345345,roasted lean ham,
78,17.891076146,beef lungs,
79,24.378528752,pork spleen,
80,1.893650575,"caribou, cooked",
81,3.268553177,sheefish,
82,11.768842105,roasted ham,
83,2.657476017,bison chuck,
84,3.579843955,scup,
85,2.610302884,tuna,very popular
86,2.983203296,"sheepshead, cooked",
87,4.945837044,roughy,
88,2.4140431,"buffalo, cooked",
89,4.758020447,ocean perch,
90,4.320501325,cusk,
91,3.402516355,soy protein isolate,
92,2.936590745,"tilapia, cooked",
93,20.620741229,perch,
94,2.490075953,caribou,
95,49.558390393,spinach (raw),very popular
96,4.085691471,grouper,
97,3.356103708,"cusk, cooked",
98,2.172737661,smoked sturgeon,
99,1.952096581,"elk tenderloin, cooked",
100,15.675990528,beef spleen,
101,3.356103708,spiny lobster,
102,26.453281652,turkey liver,popular
103,4.42216018,lingcod,
104,20.022774775,lean ham,
105,34.011362124,"turkey breast, cooked",
106,39.580622223,ground beef (lean),
107,3.614265532,croaker,
108,3.956517594,veal liver,popular
109,43.146444045,beef lunch meat,
110,5.574460472,"ostrich outside strip, cooked",
111,46.725890021,veal shank,
112,19.195691931,pork shoulder breast,
113,13.850719715,Chinese cabbage,
114,16.645357833,Chinese cabbage (cooked),
115,11.510791367,lamb liver,very popular
116,2.62855675,"spiny lobster, cooked",
117,3.185454367,"grouper, cooked",
118,4.142830655,quail breast,
119,5.63605154,lamb lungs,
120,44.244869312,turkey back,
121,16.584033164,pork tenderloin,
122,2.763850113,duck liver,popular
123,15.728083066,"pork shoulder petite tender, cooked",
124,4.758020447,pout,
125,19.819942075,pork leg cap steak,
126,3.835547095,cisco,
127,28.680622061,pork lungs,
128,2.263439206,chicken giblet,
129,9.042105263,protein powder,
130,43.10060545,"turkey thigh, skinless",
131,13.2972315,salmon,very popular
132,31.30232215,beef jerky,common
133,42.732224207,veal top round,
134,3.915454326,tilefish,
135,5.302535571,"ostrich inside strip, cooked",
136,43.75,"snapper, cooked",
137,73.849589,asparagus (cooked),very popular
138,3.685133483,"pout, cooked",
139,42.7856,flatfish (flounder),
140,1.711380863,"chicken capon giblets, cooked",
141,25.445237095,anchovy,common
142,6.95692667,"ostrich oyster, cooked",
143,19.045725587,pork shoulder petite tender,
144,16.361428692,"pork spleen, cooked",
145,2.635330384,deer,
146,27.3504,Canadian bacon,common
147,2.461986504,"chicken light meat, skinless",
148,2.209972138,chicken giblets,
149,45.451547566,veal heart,
150,3.915454326,wolffish,
151,74.095238095,orange roughy,
152,42.370086714,turkey drumstick,
153,11.351579348,"beef spleen, cooked",
154,3.055964352,"wolffish, cooked",
155,3.212680473,mullet fish,
156,31.444466869,"whole turkey, cooked",
157,2.211466056,"goat, cooked",
158,15.429448577,"pork leg sirloin tip roast, cooked",
159,55.551891469,veal lungs,
160,1.893650575,"elk loin, cooked",
161,17.24137931,pork chops (lean),
162,2.784323076,sturgeon,
163,23.941866667,chicken breast,
164,5.889174926,pork shoulder,
165,51.080615385,bok choy,common
166,3.480403845,sheepshead,
167,30.672823511,"veal kidneys, cooked",
168,3.031319478,"sea bass, cooked",
169,2.358541693,"whole chicken, skinless",
170,3.297224696,bass,
171,24.07076995,beef chuck for stew,
172,11.54183138,bison,
173,16.471978886,"pork heart, cooked",
174,3.508330769,mesquite chicken,
175,42.653136842,catfish,
176,2.57454531,"bass, cooked",
177,34.273664486,scallop,
178,126.5,asparagus (raw),very popular
179,45.86853424,turkey breast lunch meat,
180,1.638547389,"bison chuck, cooked",
181,27.238532553,taro leaves,
182,2.901281157,goat,
183,33.524793501,spinach,very popular
184,18.329720866,pork sirloin,
185,38.757133583,"veal spleen, cooked",
186,5.003970993,"ham, fat free",
187,20.659770129,pork heart,
188,31.247938951,"veal top round, cooked",
189,2.419538461,"chicken drumstick, skinless",
190,2.784323076,"scup, cooked",
191,3.802747541,"quail, skinless",
192,1.701008858,"chicken breast, boneless, cooked",
193,1.827974833,"squirrel, cooked",
194,3.055964352,"duck breast, skinless",
195,7.980612311,tripe,
196,40.384615385,egg white,very popular
197,34.094499451,clam,
198,2.082214514,peanut flour,
199,3.158685843,drum fish,
200,3.579843955,"catfish, cooked",
201,2.227511599,"chicken wing, skinless",
202,14.256449562,"pork sirloin, cooked",
203,4.945837044,monkfish,
204,13.716491712,"beef lungs, cooked",
205,4.738273418,"lamb lungs, cooked",
206,24.624776517,"pork lungs, cooked",
207,4.969233335,"ground ostrich, cooked",
208,2.863943485,sliced rotisserie chicken,
209,92.274509804,oyster,popular
210,28.899827932,"turkey drumstick, cooked",
211,5.308114465,ground pork,popular
212,4.388728658,lamb heart,
213,2.891412425,shark,
214,28.899827932,"turkey back, cooked",
215,2.456755656,"drum fish, cooked",
216,3.875088818,"monkfish, cooked",
217,23.9408867,protein powder (flavoured),
218,2.784323076,"duck, skinless",
219,38.461538462,broccoli (cooked from frozen),very popular
220,2.505890769,"mullet fish, cooked",
221,3.956669635,turbot,
222,16.131196616,"beef chuck for stew, cooked",
223,2.338887179,"chicken leg, skinless",
224,26.879947485,"veal heart, cooked",
225,3.031319478,bluefish,
226,2.557031397,"tilefish, cooked",
227,21.355848632,mung beans (sprouted),
228,5.873181489,drumstick leaves,
229,2.419538461,cornish game hen,
230,2.959713506,carp,
231,2.364047895,"bluefish, cooked",
232,1.622349489,"chicken light meat, skinless, cooked",
233,38.459001786,veal shoulder,
234,14.309569133,chives,popular
235,15.747791066,"jute, potherb",
236,123.287671233,parsley (dried),
237,1.976497788,"boar meat, cooked",
238,3.08101324,"turbot, cooked",
239,13.265624227,chuck steak,
240,3.432210873,"lamb spleen, cooked",
241,31.444466869,"turkey thigh, cooked",
242,3.614265532,seatrout,
243,3.552740019,oven-roasted chicken,
244,40.085389474,trout,common
245,12.254702832,pheasant leg,
246,2.936590745,"tuna, canned",
247,12.346843455,pheasant,
248,2.826192596,"seatrout, cooked",
249,37.876289638,veal shoulder arm,
250,2.774031983,antelope,
251,36.009438263,"chopped beef, smoked",
252,41.380344421,Swiss chard (raw),popular
253,12.346843455,pheasant breast,
254,7.875497634,top round steak (fat trimmed),
255,14.470943142,"jute, potherb, cooked",
256,48.073752233,"veal lungs, cooked",
257,2.001516747,"deer, cooked",
258,16.732028008,"lambsquarters, cooked",
259,3.055964352,spot,
260,2.805101607,whitefish,
261,14.033323076,swiss chard (cooked),
262,4.196748387,chicken drumstick,
263,23.294789189,sardines (canned),
264,14.425164942,"pork blade (chops), cooked",
265,2.014265262,ground deer,
266,2.379010223,"spot, cooked",
267,10.174105,parsley,very popular
268,28.246724476,"turkey light meat, cooked",
269,2.319557533,"chicken thigh, skinless",
270,3.433261985,cottonseed flour,
271,2.245331692,"chicken dark meat, skinless",
272,6.16,brown mushrooms,
273,40.091333333,swordfish,
274,2.108264307,"antelope, cooked",
275,1.691121102,"ground deer, cooked",
276,1.491696444,"beaver, cooked",
277,7.267287721,sardine,
278,39.997361858,turkey neck,
279,208.319593009,"taro leaves, cooked",
280,2.185369856,"swordfish, cooked",
281,11.75526659,cream cheese (low fat),
282,2.784525522,italian style sausage,
283,3.898145299,cottage cheese lowfat 1%,
284,13.773180086,roasted ham rump,
285,41.663918602,turkey roast,
286,65.810096,white mushroom,
287,30.862161927,"turkey neck, cooked",
288,12.438024873,"pork chops (top loin), cooked",
289,2.325291515,rabbit,
290,32.579967952,pastrami,
291,28.569544184,veal loin,
292,3.79733969,smoked ham,
293,1.964221404,"goose, skinless",
294,20.833333333,lamb (lean),
295,26.176283938,"veal shank, cooked",
296,150.267764706,"roe, cooked",
297,1.517116008,"chicken heart, cooked",
298,5.441418423,turkey,
299,2.894188628,"lamb heart, cooked",
300,60.962185387,beet greens (cooked),common
301,45.517241379,porterhouse steak,
302,23.224467565,alfalfa sprouts,popular
303,1.605277391,"rabbit, cooked",
304,5.149090621,frog legs,
305,1.807083692,"horse, cooked",
306,74.81722752,beet greens (raw),common
307,13.483146067,beef roast,
308,5.807149659,herring,common
309,33.781555623,veal shoulder blade chop,
310,1.477191903,"whole chicken, skinless, cooked",
311,29.583847528,turkey canned,
312,0.943998943,gelatin powder,popular
313,6.264726922,"drumstick leaves, cooked",
314,15.728083066,pork chops (top loin),
315,12.763627619,roasted ham shank,
316,37.034594313,chicken fajita strips,
317,47.166700304,turkey ham,
318,38.16542162,veal tongue,
319,10.315832917,cottage cheese nonfat,
320,11.87204547,Chineese cabbage,
321,19.072600734,collards,
322,13.851436791,ham rump,
323,2.32026923,"carp, cooked",
324,4.69857022,pork loin (lean),
325,16.953422875,"collards, frozen, cooked with salt",
326,1.851643425,"herring, cooked",
327,12.451741773,lambsquarters,
328,2.962605642,turkey salami,
329,109.090909091,okra,common
330,56.176070025,turtle,
331,1.613025641,"chicken leg, skinless, cooked",
332,8.47166,roast pork,
333,1.382593406,"chicken wing, skinless, cooked",
334,2.637561065,"ground turkey, cooked",
335,1.638547389,elk,
336,2.57454531,yellowtail,
337,16.953422875,"collards, frozen, cooked",
338,2.185369856,"whitefish, cooked",
339,12.697150392,"pork top loin (roasts), cooked",
340,3.10583918,cottonseed meal,
341,25.123971016,"veal shoulder blade chop, cooked",
342,2.048660303,"chicken back, skinless",
343,32.892567317,veal sirloin,
344,15.52772532,pork blade (chops and roast),
345,90.909090909,caviar,popular
346,125.545592353,endive,popular
347,22.598870056,ham shank,common
348,5.270398992,ground ostrich,
349,22.220756588,"veal shoulder blade, cooked",
350,2.010072809,"yellowtail, cooked",
351,49.924900414,portabella mushrooms,
352,27.320602362,"veal shoulder arm, cooked",
353,16.62605056,beef kidney,
354,38.235294118,broccoli (raw),very popular
355,11.664367824,"pork leg (rump half), roasted",
356,20.064814815,pork ribs,popular
357,44.221105528,rib eye fillet,
358,6.256229019,turkey pastrami,
359,11.131748288,"pork pancreas, cooked",
360,103.622089004,bouillon,
361,2.291973264,pompano,
362,9.877322961,soybeans,
363,27.172120827,"veal shoulder, cooked",
364,31.053852374,turkey thigh,
365,42.924360515,basil (dried),common
366,17.658666667,oyster mushrooms,
367,14.685860694,pork top loin (roasts),
368,3.796804195,surimi,
369,2.684882966,"duckling breast, cooked",
370,1.10065279,caribou rump,
371,2.731759675,lamb shank,
372,31.053852374,turkey light meat,
373,1.525361204,"chicken leg, cooked",
374,1.834421317,chicken heart,common
375,29.063010642,cornsalad,
376,19.122317724,kale leaves,
377,1.36910469,"chicken dark meat, skinless, cooked",
378,3.718228446,lamb sweetbread,
379,38.577847217,chicory greens (raw),common
380,24.750842734,"veal sirloin, cooked",
381,2.539754157,milkfish,
382,23.25428015,"ground veal, cooked",
383,1.647461219,baker's yaest,
384,23.915673398,extra firm tofu,
385,1.870067738,"duck, cooked",
386,3.388765166,guinea hen,
387,1.978334817,"milkfish, cooked",
388,249.983511611,turnip greens,common
389,13.76146789,edamame,common
390,1.962702528,ground chicken,common
391,23.476741613,"ground beef 90%, cooked",
392,57.27180144,cauliflower,very popular
393,29.223744292,roast beef,popular
394,3.989040676,corned beef,common
395,2.288140582,lamb chop,
396,1.567969059,"chicken neck, cooked",
397,13.529411765,skim milk,
398,176.470588235,lettuce,very popular
399,1.485007733,"ground chicken, cooked",
400,5.099284726,baker's yeast,
401,1.305425402,"chicken drumstick, cooked",
402,18.494643136,"collards, cooked",
403,150.653319617,"plain yogurt, non fat",
404,1.351451479,"muskrat, cooked",
405,10.507986531,"pork shoulder blade, cooked",
406,17.085618878,dock,
407,10.388039786,chinese cabbage (pe-tsai),
408,46.699499263,escarole,common
409,18.794180765,"dock, cooked",
410,2.592128246,boar meat,
411,2.57454531,butterfish,
412,0.734728957,wehat germ,
413,4.388728658,lamb brain,
414,25.508521593,turkey sausage,
415,4.474804944,"gefiltefish, cooked",
416,27.211677778,ground beef 90%,
417,1.576777874,"chicken dark meat, roasted",
418,119.285714286,kale (cooked),very popular
419,30.862161927,veal rib,
420,1.328738009,"goose, skinless, cooked",
421,13.394796017,pork leg (rump half),
422,19.195691931,pork brain,
423,2.123636245,smoked cisco,
424,2.166024973,beaver,
425,2.010072809,"butterfish, cooked",
426,2.300544766,caribou hind quarter,
427,2.042845735,eel,
428,1.82250949,"chicken neck, skinless",
429,2.62855675,poached eggs,
430,9.342975238,soybeans,
431,3.126879175,whole egg,very popular
432,13.106735888,pork boston butt,
433,24.750842734,"veal tongue, cooked",
434,42.370086714,veal brain,
435,1.781438935,"pompano, cooked",
436,23.039954987,"veal loin, cooked",
437,3.225115003,hot turkey sausage,
438,12.898692461,pork country style ribs,
439,3.225115003,"smoked italian sausage, turkey",
440,18.494643136,"collards, frozen",
441,59.511657381,peas,
442,25.905522251,mint leaves,
443,10.417588642,"beef kidneys, cooked",
444,1.631781753,chicken breast with skin,
445,10.507986531,"pork leg (shank), cooked",
446,28.309342806,"purslane, cooked",
447,3.10647616,edamame,
448,71.764705882,zucchini,very popular
449,34.719932168,firm tofu,
450,2.626366311,soy flour,
451,65.785134634,tofu,
452,2.379010223,quail eggs,
453,13.093925883,"peas edible-podded, cooked",
454,1.199429323,"chicken giblet and neck, cooked",
455,9.830051916,"pork loin, cooked",
456,10.645645743,"pork center loin, cooked",
457,17.665600545,"pork brain, cooked",
458,2.654000888,quail,
459,6.155875429,savoy cabbage,
460,12.631362048,pork leg (shank),
461,1.765197871,"caribou hind quarter, cooked",
462,40.933805889,beef strip steaks,
463,2.227511599,American cheese (fat free),
464,19.122317724,"hearts of palm, canned",
465,1.26426334,"chicken light meat, cooked",
466,8.741479426,dill (fresh),common
467,12.631362048,pork arm picnic,
468,26.33744856,sirloin steak,very popular
469,1.908038656,shad,
470,2.98581342,chicken gizzard,
471,116.5472,snail,
472,19.955230371,"ground beef, cooked",
473,1.225617736,"chicken capon, cooked",
474,2.075290296,ground turkey,common
475,2.941895034,Honey roll sausage,
476,20.643341763,"ground beef 85%, cooked",
477,12.12862127,pork center loin,
478,3.522532212,lamb pancreas,
479,1.174336659,"whole chicken, cooked",
480,2.863943485,cottage cheese,
481,3.476785041,lamb brains,
482,11.422187956,wakame,common
483,2.031803326,goose eggs,
484,4.549715808,Ruffed Grouse breast,
485,25.379036712,ground veal,
486,39.997361858,"veal thymus, cooked",
487,75.989531937,summer squash,
488,8.929864012,"pork country style ribs, cooked",
489,5.47922764,sea lion kidney,
490,9.130535113,"pork boston butt, cooked",
491,63.324609947,scallop squash,
492,12.250516961,pork pancreas,
493,1.328738009,"ground bison, cooked",
494,3.721619954,shrimp imitation,
495,43.870967742,green beans,popular
496,8.443014836,"beef heart, cooked",
497,2.209972138,"swiss cheese, fat free",
498,6.073723267,"beef pancreas, cooked",
499,6.489670401,Oven-roasted chicken breast roll,
500,5.714285714,milk (low fat),very popular
501,71.24018619,fish stock,
502,12.748211816,scotch kale,
503,2.031803326,duck eggs,popular
504,26.535792325,coriander (raw),
505,1.174336659,"chicken back, roasted",
506,19.122317724,"scotch kale, cooked",
507,2.075290296,lamb,
508,1.99054228,mozzarella (non fat),
509,19.157021156,"corned beef, canned",
510,2.425055583,hard boiled eggs,
511,133.914061882,"plain yogurt, low fat",
512,10.714285714,beef heart,common
513,8.929864012,"pork leg (ham), cooked",
514,3.719475697,sea lion liver,
515,71.24018619,"scallop squash, cooked",
516,1.927608284,pacific herring,
517,49.501685467,veal thymus,
518,1.998306551,meatless sausage,
519,21.928378211,"veal rib, cooked",
520,2.954383805,cottage cheese with vegetables,
521,2.198149797,turkey eggs,
522,1.209769231,"chicken thigh, cooked",
523,108.161357674,"vanilla greek yogurt, non fat",
524,1.503534461,"pacific herring, cooked",
525,19.468517435,"ground beef 80%, cooked",
526,1.55323808,fried shrimp,
527,67.563111246,winged bean leaves,
528,7.269717325,gizzard,
529,1.281582016,chicken,
530,16.234763691,beef ribs,
531,9.857020074,wheat bran,
532,26.039949126,tempeh,
533,1.50895947,chicken light meat,
534,8.929864012,"pork center rib, cooked",
535,8.083992759,green soybeans,
536,11.553805096,pork center rib,
537,9.922,pork backribs,
538,8.40597711,green peas,popular
539,5.64516129,ground beef (75% lean),
540,3.999449049,mint,
541,39.11762832,arugula,
542,64.705882353,shiitake mushrooms,
543,2.308453286,broad beans,
544,40.965189867,snap beans,
545,1.249688997,"goose breast, skinless",
546,9.827586207,lentils,common
547,5.920787789,beef loin,
548,1.592727184,"eel, cooked",
549,6.925359857,"savoy cabbage, cooked",
550,1.239825232,"Muscle Milk, powder",
551,1.891960764,"ground lamb, cooked",
552,312.479389513,orange tomatoes,
553,26.904103778,celery,
554,312.479389513,"tomatoes, canned",
555,13.887972867,wheat germ,
556,2.680784461,"broad beans, cooked",
557,1.917773547,fried eggs,
558,1.952096581,muskrat,
559,1.469457914,chicken wing,
560,2.440802697,egg omelete,
561,0.974536325,"chicken back, fried",
562,15.592581195,celtuce,
563,1.700830839,"croaker, cooked",
564,1.104986069,"chicken wing, cooked",
565,5.220605768,pacific cod,
566,1.109353603,"chicken dark meat, cooked",
567,2.288140582,"lamb pancreas, cooked",
568,2.522708828,scrambled eggs,
569,17.289730285,"ground beef 70%, cooked",
570,22.275605995,ground beef 85%,
571,4.911491722,KELLOGG'S ALL-BRAN Original,
572,2.020879652,greenland halibut,
573,1.491601648,"shad, cooked",
574,4.474804944,"pacific cod, cooked",
575,18.795752753,"veal breast, cooked",
576,34.48048436,hard tofu,
577,16.342765883,"cress, cooked",
578,1.418115005,ground bison,
579,3.417123776,brook trout,
580,2.530822638,"milk, reduced fat with protein, vitamin A and vitamin D",
581,20.338983051,Greek yogurt (low fat),popular
582,11.746362978,cress,
583,5.121539654,"bacon, microwaved",
584,4.246401421,sea lion meat,
585,2.010072809,tuna salad,
586,279.47812769,orange pepper,
587,4.632437914,bearded seal (oogruk),
588,24.312927662,yardlong beans,
589,333.311348814,yellow tomatoes,
590,21.3125,crushed tomatoes,
591,1.317682918,chicken giblet and neck,
592,27.35446928,peppermint,common
593,2.340966712,"broad beans, canned",
594,1.305425402,chicken,
595,8.348811216,"pork backribs, cooked",
596,1.036851299,"goose, cooked",
597,102.885193885,"strawberry greek yogurt, non fat",
598,1.024330152,"provolone cheese, low fat",
599,1.104986069,mozzarella cheese lowfat,
600,8.729283922,"green peas, cooked",
601,4.04199638,paprika,popular
602,1.059118723,"parmesan cheese, low fat",
603,46.324379137,hot sauce,
604,8.348811216,"pork shoulder, cooked",
605,47.870321239,red hot chili peppers,
606,14.965986395,T-bone steak,
607,5.731332296,"red cabbage, cooked",
608,277.759457345,"tomatoes, cooked",
609,3.419920607,sweet italian sausage links,
610,20.323862733,canned beef,
611,8.995767067,"pork tongue, cooked",
612,5.681818182,black beans,popular
613,1.648612348,"shark, cooked",
614,1.860809977,"duckling, cooked",
615,2.033814938,"recotta cheese, lowfat",
616,47.870321239,green chili peppers,
617,179.501827629,yardlong bean,
618,5.355225806,lean turkey,
619,56.992148952,"summer squash, cooked",
620,71.496490666,"yardlong beans, cooked",
621,1.510987605,"broad beans, cooked with salt",
622,0.676304727,"parmesan cheese, shredded",
623,26.8724775,pickles,
624,105.993603268,pokeberry shoots (poke),
625,1.462582161,smoked sablefish,
626,4.208222252,oat bran,common
627,28.16952775,radishes,
628,217.376966618,green tomatoes,
629,23.492725957,fish broth,
630,4.04199638,chili  powder,
631,0.715985871,"parmesan cheese, hard",
632,227.257737828,vegetable juice cocktail,
633,131.570269269,"winged beans,cooked",
634,5.770204627,"split peas, cooked",
635,18.462927457,"kohlrabi, cooked",
636,69.0,green peppers,very popular
637,4.867774908,mozzarella,
638,12.846870678,"green peas, canned",
639,1.787684468,"cheddar cheese, fat free or nonfat",
640,1.556467722,hyacinth beans,
641,76.666666667,tomatoes,
642,1.732182559,"duckling leg, cooked",
643,21.045628396,cowpeas leafy tips,
644,19.830551713,kohlrabi,
645,358.422939068,coriander leaf,
646,49.558390393,squash,
647,87.469387755,kale (raw),very popular
648,10.834901667,pork tongue,
649,19.919004909,dried walrus,
650,0.951411734,mozzarella cheese lowfat low moisture,
651,17.069153579,sauerkraut,very popular
652,49.166666667,tomato sauce,popular
653,23.472630198,"veal brain, cooked",
654,11.639671658,hyacinth-beans,
655,0.677267775,egg mix,
656,10.097725511,dandelion greens,
657,9.099431616,"Sea cucumber, yane",
658,294.098248954,tomato juice,
659,1.083654292,"cornish game hen, cooked",
660,24.188158025,beef corned beef brisket,
661,105.993603268,"pimento, canned",
662,56.378404204,cabbage,very popular
663,3.528925632,fenugreek,
664,25.478408525,purslane,
665,11.272727273,broad beans,
666,179.501827629,"yardlong bean, cooked",
667,1.927608284,sablefish,
668,5.661868561,refried beans,
669,11.390412585,"dandelion greens, cooked",
670,18.9557251,pumpkin,
671,4.576281165,"hyacinth beans, cooked",
672,27.902887005,"sweet potato leaves, cooked",
673,5.20908734,"bacon, pan-fried",
674,2.211466056,beefalo,
675,1.087854502,"chicken back, cooked",
676,6.451612903,morel mushrooms,
677,1.572734792,"greenland halibut, cooked",
678,23.243243243,cottage cheese (low fat),very popular
679,1.503534461,"sablefish, cooked",
680,1.89639501,"cheedar or american cheese, fat free",
681,0.725236335,romano cheese,
682,7.91469698,borage,
683,1.311525521,chicken leg,
684,34.011362124,"winged beans, cooked",
685,1.199429323,chicken capon,
686,0.89359482,"bratwurst, lite",
687,19.080698362,"beef corned beef brisket, cooked",
688,6.947797407,"peas, cooked",
689,8.319828642,frankfurter (fat free),
690,5.361568922,red cabbage,
691,9.49802948,camembert,
692,5.2272,navy beans,
693,7.107442785,pigeon peas,
694,2.18540774,Ham and cheese spread,
695,2.221680067,Ham and cheese loaf or roll,
696,8.026905087,ham,
697,6.648345463,"borage, cooked",
698,12.85109295,peppered loaf,
699,7.004165981,beef pancreas,
700,213.333333333,cucumber,very popular
701,2.252654109,cottonseed kernels,
702,2.167001861,sesame flour,
703,33.781555623,"turkey taco meat, frozen",
704,60.971588198,ketchup,
705,1.77637001,chicken spread,
706,0.840318747,"swiss cheese, pasteurized",
707,1.682125777,"beefalo, cooked",
708,2.411823857,lamb tongue,
709,8.019041757,"carrots, cooked",
710,1.430948625,opossum,
711,16.588754286,pork leg (ham),
712,1.961263356,"lamb brain, cooked",
713,18.517297156,fried tofu,
714,2.243785392,mustard seed,
715,7.22646246,capers,popular
716,6.951981866,edam cheese,popular
717,70.918994429,banana pepper,
718,14.872913785,jellyfish,
719,10.708497925,"hyacinth-beans, cooked",
720,3.422951889,caraway seed,
721,0.799619548,provolone cheese,common
722,28.600459181,hubbard squash,
723,6.971509904,gouda cheese,
724,6.626994064,spinach souffle,
725,1.946999623,"lamb tongue, cooked",
726,38.133945574,"hubbard squash, cooked",
727,14.256449562,pickled pork hocks,
728,66.028029296,hungarian peppers,
729,25.379036712,vegetarian meatloaf or patties,
730,0.825489593,tilsit cheese,
731,33.781555623,winged bean tuber,
732,2.674563152,miso,
733,138.304686861,yogurt plain,
734,3.381523633,chiton,
735,19.378566792,sun-dried tomatoes,
736,36.961283872,artichokes,
737,6.893478862,gruyere cheese,common
738,104.001669748,taro shoots,
739,4.583946528,blackfish,
740,3.588508243,ringed seal,
741,2.240271532,"ham, canned",
742,1.612557502,rice bran,
743,4.995766378,sea lion heart,
744,7.690387619,"pork arm picnic, cooked",
745,7.692307692,chicken thigh,very popular
746,49.501685467,thyme leaves,
747,0.868936413,swiss cheese pasteurized,
748,3.866467327,bratwurst,
749,0.746453355,CHEERIOS,
750,16.555199444,tomato powder,
751,11.05540045,fiddlehead ferns,
752,0.935554872,mozzarella cheese,
753,8.611853735,goat cheese,popular
754,5.388486173,Swiss cheese,popular
755,7.978126915,honey chicken breast,
756,2.095299594,pork skins,
757,14.987299133,"pumpkin, canned",
758,42.370086714,"turkey ham, frozen",
759,5.491001177,pepeao,
760,174.673829806,serrano peppers,
761,11.85042257,radish seeds,
762,7.719157886,parmesan cheese,very popular
763,4.301294261,oregano,popular
764,0.858307222,limburger cheese,
765,11.555741083,succotash (corn and limas),
766,7.34812056,beef tongue,
767,2.061198877,hemp seed,
768,1.68557675,chicken frankfurter,
769,32.04845728,eggplant,common
770,4.662830044,instant breakfast chocolate powder,
771,10.627201985,feta cheese,
772,108.161357674,non-fat yogurt,
773,10.666492849,"beef breakfast strips, cooked",
774,3.877016936,"Squab, (pigeon)",
775,4.973211009,Braunschweig,common
776,4.809464047,chevril,
777,0.858307222,All Bran,
778,0.882598936,mozzarella cheese low moisture,
779,1.68557675,turkey frankfurter,
780,13.512622249,vital wheat gluten,
781,8.068245122,blue cheese,popular
782,13.850719715,"napa cabbage, cooked",
783,5.757256949,grape leaves,
784,0.797347902,port de salut cheese,
785,24.036876116,veal breast,
786,22.588546147,gourd (calabash),
787,1.16734042,egg yolk,popular
788,0.721507613,fontina cheese,
789,3.507209166,curry powder,popular
790,0.620943499,"goat cheese, hard",
791,333.333333333,kimchi,popular
792,10.507986531,"picnic loaf, pork",
793,41.951219512,kefir (low fat),
794,7.874015748,ground beef (80% lean),very popular
795,1.613025641,ricotta,
796,2.035836107,"ham, minced",
797,35.620093095,wonton soup,
798,2.168375194,turkey breakfast sausage link,
799,17.950683044,cowpeas (cooked),
800,69.439864336,mixed frozen vegetables,
801,1.252975275,meatless chicken,
802,0.877082692,Whole Grain TOTAL cereal,
803,8.531164204,brie,very popular
804,26.605078308,"chocolate syrup, sugar-free",
805,5.936022735,mustard cabbage,
806,18.757894737,coconut water,popular
807,113.628868914,"tahitian taro, cooked",
808,0.746453355,caraway cheese,
809,357.119302301,"taro shoots, cooked",
810,27.238532553,sweet potato leaves,
811,4.306518268,Monterey cheese,
812,7.759781105,"grape leaves, canned",
813,1.434670287,pickled herring,
814,0.742503866,garbanzo beans,
815,0.67290946,pork bologna,
816,3.240375994,deer (venison),
817,64.5,winter squash,common
818,3.112935443,Lebanon bologna,
819,0.967815385,american cheese spread,
820,4.448636634,"bacon, baked",
821,199.627234064,"green peppers, cooked",
822,4.129865866,thyme,
823,4.271404719,eggnog,
824,4.388728658,honey ham,
825,29.974598265,"radishes, cooked",
826,12.125277913,fennel bulb,
827,1.092087399,KELLOGG'S ALL-BRAN BRAN BUDS,
828,4.279977319,liverwurst,common
829,1.55925812,"american cheese, low fat",
830,0.847934929,american cheese food,
831,20.147544423,"pigeon peas, cooked",
832,15.410061,turnips,
833,1.764711809,"dove, cooked",
834,21.082643071,"gourd (calabash), cooked",
835,0.762680602,muenster cheese,
836,0.795256634,turkey bologna,
837,0.760613717,roquefort cheese,
838,4.317942712,lasagne,
839,7.195084071,"steelhead trout, canned",
840,1.184246673,chicken dark meat,
841,0.783984529,mexican blend cheese,
842,87.036947708,hot pickled peppers,
843,81.908600957,"strawberry greek yogurt, low fat",
844,17.24024218,vegetarian fillets,
845,6.7049587,beef broth cubes,
846,0.781800728,SPECIAL K Protein Plus,
847,0.756513373,brick cheese,
848,4.236453202,English muffins,
849,10.900523215,beef brains,
850,10.375670841,pumpkin seeds,
851,52.628107708,turkey breast (fat free),
852,57.333333333,butternut squash,popular
853,33.971211367,"pumpkin flowers, cooked",
854,1.705381623,sunflower seeds,
855,1.221002494,"bear, cooked",
856,1.951785923,sunflower seed kernels,
857,27.238532553,stinging nettles,
858,2.244793703,"quail, cooked",
859,0.788388937,queso asadero cheese,
860,3.018600839,cheddar cheese,
861,0.748443897,"pimento cheese, pasteurized",
862,6.291991995,"cowpeas (blackeyes), cooked",
863,15.52772532,"pork stomach, cooked",
864,1.898669845,ground lamb,
865,3.713455376,Colby cheese,
866,2.794781277,jalapeno peppers,common
867,43.703703704,yellow peppers,
868,9.947985802,"succotash (corn and limas), cooked",
869,3.433261985,lotus seeds,
870,1.700830839,english muffins (whole wheat),
871,6.814280603,ancho peppers,
872,3.863874505,tarragon,
873,8.800912907,pork spareribs,
874,2.215513785,berliner sausage,
875,11.510342695,beef brain,
876,51.811044502,"sesbania flower, cooked",
877,1.483171458,lamb rib,
878,113.628868914,tahitian taro,
879,5.967764288,breadnut seeds,
880,6.682534798,celeriac,
881,196.199672059,"yogurt, nonfat with vitamin D",
882,80.348437129,"fruit yogurt, low fat with vitamin D",
883,0.725236335,cheshire cheese,
884,6.753055056,pork ribs,
885,8.019041757,baby carrots,
886,6.870837571,"pheasant, cooked",
887,4.590704239,ravioli with cheese,
888,1.794254122,"sausage, reduced sodium",
889,15.811982303,gourd dishcloth (towelgourd),
890,3.303892693,fennel seed,
891,1.985789162,roasted pumpkin and squash seed kernels,
892,30.806567001,"winter squash, cooked",
893,1.067172857,chicken tenders,
894,7.298356353,pickle and pimiento loaf,
895,42.216406631,sesbania flower,
896,0.771061707,"goat cheese, semi soft",
897,33.55704698,garlic,very popular
898,357.119302301,"waxgourd, cooked",
899,0.879832168,celery flakes,
900,384.590017863,waxgourd,
901,8.777457316,leeks,popular
902,1.39733686,pork frankfurter,
903,32.687336698,beets,
904,0.53963843,beef and pork bologna,
905,196.199672059,"yogurt, non fat",
906,18.808777429,liver pate,common
907,0.882598936,Kellog's raisin bran,
908,10.15901663,drumstick,
909,33.464056016,gravy,
910,1.967444674,hot polish sausage,
911,10.441211536,"drumstick, cooked",
912,3.737190095,dill seed,
913,24.265150977,hot chili sauce,
914,37.40861376,"beets, cooked",
915,1.37686306,Dutch brand loaf,
916,0.850504429,"american cheese, pasteurized",
917,3.443634378,garlic powder,popular
918,5.909916202,hot chile pepper,
919,0.683986159,rice bran bread,
920,19.529961845,"veal pancreas, cooked",
921,13.409688698,salsa verde,
922,6.78136915,cowpeas (blackeyes),
923,3.584411884,cayenne pepper,
924,21.962638515,"pigeonpeas, cooked",
925,2.501907692,chorizo,
926,4.206062653,marjoram,
927,2.046396731,watermelon seed kernels,
928,7.016661538,carrot juice,
929,3.584411884,sisymbrium sp. seeds,
930,4.541207088,pepper,
931,227.257737828,"turnips, cooked",
932,5.159808794,"beef thymus, cooked",
933,6.915878174,"beerwurst, pork",
934,2.547840853,Poultry salad sandwich spread,
935,0.704273884,oat bran bread,
936,0.705192114,"cheddar or colby cheese, low sodium",
937,3.68881223,"smoked link sausage, pork",
938,33.333333333,almond milk,very popular
939,0.899571992,Raisin Bran,
940,6.607724097,cockles,
941,1.200853873,peanuts,
942,0.752457001,queso anejo cheese,
943,17.925388788,pigeonpeas,
944,17.271770847,"leeks, cooked",
945,42.371050638,"spaghetti squash, cooked",
946,10.587830081,beef carcas,
947,1.6132344,meatless frankfurter,
948,0.766848255,american cheese with vitamin D,
949,17.848805302,sweet corn,
950,7.50108577,pork sausage,
951,0.750445084,queso chihuahua cheese,
952,17.510414951,"beef tripe, cooked",
953,0.746453355,honey nut cherios,
954,0.750445084,KELLOGG'S PRODUCT 19,
955,1.481302821,"italian sausage, cooked",
956,5.506487821,roasted breadnut seeds,
957,17.413234823,pork feet,
958,1.198983931,italian salami,
959,49.501685467,smoked turkey,
960,2.345355924,chia seeds,
961,0.552188161,bockwurst,
962,2.974582757,"ham, chopped",
963,0.736657379,KELLOGG'S RICE KRISPIES,
964,14.835816713,kamut,
965,18.468582388,potatoes au gratin,
966,6.974487311,beef thymus,
967,1.131719603,mozzarella cheese substitute,
968,1.42470285,cheese sauce,
969,16.509791854,cardoon,
970,15.33240802,pork stomach,
971,2.659375638,truffle pate,
972,0.627202402,multi grain bread,
973,15.831152487,clam chowder,
974,0.670196115,wheat bran bread,
975,15.831152487,shallots,
976,3.649355488,fireweed leaves,
977,5.281882578,sweet potato (baked),very popular
978,5.963692049,"beerwurst, pork and beef",
979,14.685860694,prok ears,
980,3.61854914,sage,
981,26.453281652,"lunch meat, canned",
982,0.756513373,american cheese,
983,2.159187163,oat bran dinner rolls,
984,58.78496448,"beets, canned",
985,3.033143872,Pulled pork in barbecue sauce,
986,0.742503866,Cheerios,
987,1.115381648,duck,
988,3.889833363,rosemary,
989,25.508521593,canned pork,
990,1.68557675,english muffins,
991,25.250859759,sprouted wheat,
992,4.505308218,dill weed,
993,57.568353535,blackberries,
994,13.772112716,rutabagas,
995,9.436447602,pizza sauce,
996,14.748289771,wheat durum,
997,28.496074476,acorn squash,
998,0.231811209,salted butter,
999,0.288056563,HERSHEY'S POT OF GOLD Almond Bar,
1000,0.290067429,Chocolate Covered Almonds,
1001,0.292106567,HERSHEY'S GOLDEN ALMOND SOLITAIRES,
1002,0.295219603,ALMOND JOY BITES,
1003,0.296801137,toffee,
1004,0.298936397,dark chocolate bar,
1005,0.302747972,milk chocolate coated coffee beans,
1006,0.306658001,crispy bar with peanut butter filling,
1007,0.307793771,carob,
1008,0.307793771,dark chocolate coated coffee beans,
1009,0.31009074,SNICKERS MUNCH,
1010,0.313010615,SYMPHONY Milk Chocolate Bar,
1011,0.31419402,"confectioner's coating, peanut butter",
1012,0.315986001,milk chocolate with almonds,
1013,0.316587879,Blueberry and Almond Chocolate Bar,
1014,0.31840735,"confectioner's coating, yogurt",
1015,0.31840735,peanut bar,
1016,0.319018496,REESE'S BITES,
1017,0.319018496,REESESTICKS crispy wafers,
1018,0.319631993,Kit Kat,
1019,0.320247855,milk chocolate coated peanuts,
1020,0.322109761,sesame crunch,
1021,0.322735217,M&M's Peanut Chocolate Candies,
1022,0.322735217,REESE'S Peanut Butter Cups,
1023,0.324626243,GOOBERS Chocolate Covered Peanuts,
1024,0.32526152,milk chocolate with rice cereal,
1025,0.325899287,truffles,
1026,0.327827686,sweet chocolate,
1027,0.331092902,Twix,
1028,0.33308344,light butter,
1029,0.33308344,light butter with salt,
1030,0.334423816,REESE'S PIECES Candy,
1031,0.335775023,REESE's Fast Break,
1032,0.337822432,chocolate,
1033,0.338510461,SNICKERS,
1034,0.339201299,PAYDAY Bar,
1035,0.341993079,MOUNDS Candy Bar,
1036,0.341993079,honey-combed,
1037,0.341993079,peanut brittle,
1038,0.34269822,praline,
1039,0.345548101,coconut bar,
1040,0.346267993,semi sweet chocolate,
1041,0.349912919,CHUNKY Bar,
1042,0.349912919,M&Ms,
1043,0.350651132,chocolate marshmallow fudge with nuts,
1044,0.350651132,sugar-coated almonds,
1045,0.352136942,Snickers,
1046,0.353635397,chocolate covered caramel with nuts,
1047,0.354389417,halavah,
1048,0.357082012,caribou bone marrow,
1049,0.357437928,BUTTERFINGER Crisp,
1050,0.358981936,Milky Way,
1051,0.359758954,Caramello,
1052,0.359758954,OH HENRY! Bar,
1053,0.360539342,chocolate fudge with nuts,
1054,0.364492624,Milky Way,
1055,0.366906483,chocolate marshmallow fudge,
1056,0.371831402,Pretzel Chocolate Candies,
1057,0.375188796,Milky Way,
1058,0.38208882,vanilla fudge with nuts,
1059,0.384742214,yellow cake mix,
1060,0.388337936,biscuits dry mix,
1061,0.397628317,cornbread dry mix,
1062,0.399539992,pudding cake mix,
1063,0.400502739,carrot cake mix,
1064,0.403419021,bread sticks,
1065,0.404400576,fudge,
1066,0.407374109,Starburst,
1067,0.407374109,cheese bread,
1068,0.410391695,skittles,
1069,0.414485378,Skittles,
1070,0.416722412,herring fish oil,
1071,0.416722412,menhaden fish oil,
1072,0.416722412,mutton tallow,
1073,0.416722412,sardine fish oil,
1074,0.41760964,nougat with almonds,
1075,0.417648461,chicken fat,
1076,0.417648461,goose fat,
1077,0.417648461,turkey fat,
1078,0.418661553,taffy,
1079,0.418661553,white cake mix,
1080,0.421849331,candies,
1081,0.425086027,butterschotch,
1082,0.426171899,duck fat,
1083,0.426175991,milk chocolate coated raisins,
1084,0.426175991,soft fruit and nut squares,
1085,0.429479681,peanut butter fudge,
1086,0.429479681,tootsie roll,
1087,0.430592323,bread stuffing,
1088,0.432834991,peppermint candy pattie,
1089,0.433965109,fudge,
1090,0.433965109,panko,
1091,0.435101143,caramels,
1092,0.438545215,blood sausage,
1093,0.440871715,corn flake bar crust with fruit,
1094,0.443223031,jellybeans,
1095,0.445599562,fondant,
1096,0.44679741,breakfast tart,
1097,0.451653904,Tamarind,
1098,0.452884568,pan dulce bread,
1099,0.454121958,sweet chocolate coated fondant,
1100,0.456617133,divinity,
1101,0.469341909,dark chocolate (70 to 85%),
1102,0.469515923,gum drops,
1103,0.470845996,biscuits,
1104,0.472183627,fruit snacks,
1105,0.477611025,twizzlers,
1106,0.478987425,TWIZZLERS NIBS CHERRY BITS,
1107,0.484573284,Buckwheat,
1108,0.484743457,chocolate (60 - 70%),
1109,0.485990165,bulgur,
1110,0.487415357,veal bratwurst,
1111,0.491741528,sweetened tea,
1112,0.494668561,chicken bologna,
1113,0.496145184,buckwheat flour,
1114,0.509842443,paratha bread,
1115,0.512989619,fruitcake,
1116,0.514041138,chocolate (45 - 60%),
1117,0.514577822,Brotwurst,
1118,0.51617589,candied fruit,
1119,0.522668668,marshmallows,
1120,0.524317466,dried blackberries,
1121,0.555881728,beef bologna,
1122,0.559625039,"bratwurst, smoked",
1123,0.559625039,chapati or roti bread,
1124,0.567264971,wheat germ bread,
1125,0.5711637,naan bread,
1126,0.57313323,sponge cake,
1127,0.573960044,"granola, homemade",
1128,0.579124169,egg bread,
1129,0.583188199,white bread,
1130,0.59148981,meat bologna,
1131,0.599491965,sea lion fat,
1132,0.606600863,bread dough,
1133,0.606600863,raisin bread,
1134,0.611061164,"french bread, baguette",
1135,0.613316002,italian bread,
1136,0.617875972,oatmeal bread,
1137,0.618208065,"chicken skin, cooked",
1138,0.622320314,"parmesan cheese, low sodium",
1139,0.624844498,bread crumbs,
1140,0.624844498,cornbread,
1141,0.624844498,potato bread,
1142,0.633558604,Blueberry MUFFIN TOPS Cereal,
1143,0.634384109,pita bread,
1144,0.646706843,Girl Scout Cookies,
1145,0.649690883,cheese puffs,
1146,0.651444741,"dessert topping, powdered",
1147,0.656265402,lemonade powder,
1148,0.656951133,cinnamon bread,
1149,0.664834546,pumpernickel bread,
1150,0.673061059,CAP'N CRUNCH'S PEANUT BUTTER CRUNCH,
1151,0.681229276,Chocolate CHEX Cereal,
1152,0.681229276,"QUAKER 100% Natural Granola with Oats, Wheat, Honey, and Raisins",
1153,0.684552345,FROSTED TOAST CRUNCH,
1154,0.684552345,KELLOGG'S CINNABON cereal,
1155,0.684552345,PEANUT BUTTER TOAST CRUNCH,
1156,0.693003609,chocolate-flavored frosted puffed corn,
1157,0.696442833,Cinnamon CHEX,
1158,0.699916363,KRAVE Smores,
1159,0.701666154,"CHEERIOS, Yogurt Burst, strawberry",
1160,0.701666154,frosted oat cereal with marshmallows,
1161,0.705192114,Captain Crunch,
1162,0.706968417,Captain Crunch,
1163,0.706968417,KRAVE chocolate cereal,
1164,0.710548004,Cap'n Crunch's OOPS! All Berries Cereal,
1165,0.710548004,Oat Bran,
1166,0.710555038,"cream substitute, powdered",
1167,0.719657594,"Multi Grain CHEERIOS, Peanut Butter",
1168,0.721507613,COCO-ROOS,
1169,0.721507613,KELLOGG'S COCOA KRISPIES,
1170,0.721507613,KELLOGG'S Low Fat Granola without Raisins,
1171,0.722646246,"beef and pork bologna, low fat",
1172,0.725236335,"HONEY NUT CHEERIOS, MEDLEY CRUNCH",
1173,0.725236335,chickpea flour (besan),
1174,0.727115185,APPLE CINNAMON CHEERIOS,
1175,0.732810604,COCOA PUFFS,
1176,0.732810604,COUNT CHOCULA,
1177,0.732810604,rice puffs,
1178,0.736657379,CHOCOLATE LUCKY CHARMS,
1179,0.736657379,Fruity CHEERIOS,
1180,0.736657379,KELLOGG'S Low Fat Granola with Raisins,
1181,0.736657379,KING VITAMAN,
1182,0.736657379,SPECIAL K Chocolatey Delight,
1183,0.738595951,"CHEERIOS, Chocolate",
1184,0.738595951,COOKIE CRISP,
1185,0.738595951,Honey Smacks,
1186,0.738595951,Lucky Charms,
1187,0.740544753,Oatmeal Squares,
1188,0.740544753,"Oatmeal Squares, cinnamon",
1189,0.742503866,Dulce De Leche CHEERIOS,
1190,0.742503866,Oat Cluster CHEERIOS Crunch,
1191,0.746453355,BERRY BERRY KIX,
1192,0.746453355,KELLOGG SCOOBY-DOO!,
1193,0.746453355,QUAKER WHOLE HEARTS oat cereal,
1194,0.746453355,"cheedar or american cheese, low sodium",
1195,0.748443897,"CHEERIOS, Banana Nut",
1196,0.748443897,Cinnamon Burst CHEERIOS,
1197,0.748443897,Honey Nut CHEX,
1198,0.748443897,KELLOGG'S APPLE JACKS,
1199,0.748443897,KELLOGG'S SPECIAL K Low Fat Granola,
1200,0.748443897,SPECIAL K Chocolate Almond,
1201,0.750445084,GOLDEN GRAHAMS,
1202,0.750445084,QUAKER OAT CINNAMON LIFE,
1203,0.750445084,"QUAKER OAT LIFE, plain",
1204,0.750445084,"swiss cheese, low sodium",
1205,0.752457001,QUAKER Honey Graham LIFE Cereal,
1206,0.756513373,Honey Nut O's,
1207,0.756513373,"Quick Oats, Dry",
1208,0.758558004,cream of rice,
1209,0.760613717,Froster Flakes,
1210,0.760613717,farina,
1211,0.762680602,KELLOGG'S SPECIAL K Chocolatey Strawberry,
1212,0.762680602,RAISIN NUT BRAN,
1213,0.764758751,RALSTON Corn Biscuits,
1214,0.764758751,"SPECIAL K, Fruit & Yogurt",
1215,0.766848255,DORA THE EXPLORER,
1216,0.766848255,QUAKER Puffed Wheat,
1217,0.766848255,SPECIAL K Vanilla Almond,
1218,0.766848255,cream of wheat,
1219,0.766848255,queso cotija cheese,
1220,0.771061707,Honey KIX,
1221,0.771061707,"KASHI HEART TO HEART, Honey Toasted Oat",
1222,0.771061707,Multi Grain,
1223,0.771061707,"Oat Bran, dry",
1224,0.775321717,KASHI GOLEAN CRISP Cinnamon Crumble,
1225,0.775321717,instant oats,
1226,0.77962906,chewing gum,
1227,0.783984529,BASIC 4,
1228,0.783984529,KELLOGG'S SPECIAL K Red Berries,
1229,0.788388937,"SPECIAL K protein, cinnamon brown sugar crunch",
1230,0.790609751,KELLOGG'S MUESLIX,
1231,0.795089126,FIBER 7 Flakes,
1232,0.795089126,Wheaties,
1233,0.804201895,KASHI 7 Whole Grain Honey Puffs,
1234,0.804201895,chicken skin,
1235,0.80651282,"FIBER ONE, Nutty Clusters & Almonds",
1236,0.808837065,Raisin Bran,
1237,0.814748219,"beef bologna, low fat",
1238,0.815890876,Raisin Bran,
1239,0.830025318,jello,
1240,0.831600919,doughnuts chocolate coated,
1241,0.842842227,dried cherries,
1242,0.847934929,QUAKER CRUNCHY BRAN,
1243,0.852397968,goose,
1244,0.855690431,Cheesefurter,
1245,0.860940066,caribou eye,
1246,0.863589112,queso seco cheese,
1247,0.86609128,doughnuts,
1248,0.874147943,nut danish,
1249,0.879832168,chicken back,
1250,0.884088492,bread (wheat),
1251,0.885383159,"FIBER ONE, RAISIN BRAN CLUSTERS",
1252,0.89359482,"blue corn bread, somiviki (Hopi)",
1253,0.89669796,"monterey cheese, low fat",
1254,0.899243099,frosting,
1255,0.903489664,peppercorn dressing,
1256,0.905375682,queso blanco cheese,
1257,0.905743651,cream cheese frosting,
1258,0.906130791,dried goji berries,
1259,0.907931438,cheese croissants,
1260,0.908305701,"cheddar cheese, lowfat",
1261,0.912338872,glazed doughnuts,
1262,0.913204607,puff pastry,
1263,0.916789306,"custard powder, dry",
1264,0.916789306,vanilla frosting,
1265,0.923546966,croutons,
1266,0.927388991,fruit syrup,
1267,0.932713686,cinnamon danish,
1268,0.938683818,KASHI GOOD FRIENDS,
1269,0.938683818,queso fresco cheese,
1270,0.940162676,caesar dressing,
1271,0.944367253,"bratwurst, cooked",
1272,0.945004921,chicken neck,
1273,0.946810114,chocolate frosting,
1274,0.951411734,cream cheese spread,
1275,0.95246387,alfredo sauce,
1276,0.961186512,"chiken patty, frozen, uncooked",
1277,0.964898713,Chocolate-flavored hazelnut spread,
1278,0.966281787,chocolate frosting.,
1279,0.995213562,"lamb fat, cooked",
1280,0.99527114,"mexican blend cheese, low fat",
1281,1.00238022,"mozzarella cheese, low sodium",
1282,1.004549524,fudge filled cookies,
1283,1.005036405,cheese danish,
1284,1.013057993,horseradish sauce,
1285,1.013163384,fruit danish,
1286,1.013163384,raspberry danish,
1287,1.013163384,white frosting,
1288,1.023429275,frybread,
1289,1.026272578,croissaunt,
1290,1.0356696,"muenster cheese, low fat",
1291,1.041228851,doughnuts with creme,
1292,1.044121154,cream puff,
1293,1.047262916,"chewing gum, sugar free",
1294,1.047514071,peanut spread,
1295,1.052826799,blue or roquefort cheese dressing,
1296,1.058151969,cheesecake,
1297,1.07948639,caribou tongue,
1298,1.083238084,Chocolate Almond Snack Bar,
1299,1.092087399,american cheese imitation,
1300,1.098207264,honey mustard,
1301,1.099435105,lamb fat,
1302,1.102297992,butter cream frosting,
1303,1.109353603,Chocolate Squares,
1304,1.109353603,neufchatel cheese,
1305,1.11351988,"fungi, clouf ears",
1306,1.115028819,french dressing,
1307,1.125400046,eclair,
1308,1.128779626,falafel,
1309,1.131719603,Honey Squares,
1310,1.150266751,sesame seed dressing,
1311,1.15993892,roasted peanuts,
1312,1.16734042,"beef frankfurter, cooked",
1313,1.16944359,"american cheese, pasteurized lowfat fat with vitamin D",
1314,1.16944359,"cheddar cheese, pasteurized lowfat",
1315,1.174120209,coconut pudding,
1316,1.174336659,american cheddar cheese imitation,
1317,1.182023948,"dessert topping, frozen",
1318,1.185042257,ranch dressing,
1319,1.187399267,shortbread cookies,
1320,1.193281318,beef frankfurter,
1321,1.193368081,green goddess dressing,
1322,1.196169414,sausage sticks with cheddar cheese,
1323,1.196712203,crackers,
1324,1.204755177,"Frankfurter, low sodium",
1325,1.239050635,cream,
1326,1.248104752,cheese crackers,
1327,1.261354414,"chicken frankfurter, cooked",
1328,1.26426334,carob flour,
1329,1.266492199,shortening,
1330,1.277113209,poppyseed dressing,
1331,1.287272655,"whipping cream, light, lowfat",
1332,1.296150398,frankfurter,
1333,1.305425402,"chicken feet, cooked",
1334,1.306585053,coleslaw dressing,
1335,1.328210655,dried currants,
1336,1.332920622,dates,
1337,1.341369722,cookies,
1338,1.344507046,thousand island dressing,
1339,1.347291884,seed crackers,
1340,1.348063943,chocolate pudding,
1341,1.352099336,"Frankfurter, cooked",
1342,1.355876626,FIBER ONE Bran Cereal,
1343,1.356980561,dates,
1344,1.356980561,fish sticks,
1345,1.372884349,"american cheese, imitation",
1346,1.392262761,banana pudding,
1347,1.392262761,rice flour,
1348,1.396350555,"cream cheese, lowfat",
1349,1.403769065,brown rice flour,
1350,1.403769065,lemon pudding,
1351,1.423801573,"dessert topping, pressurized",
1352,1.427361822,light rye flour,
1353,1.429328392,whole wheat crackers,
1354,1.435403297,russian dressing,
1355,1.462582161,whipped cream,
1356,1.472740377,italian sausage,
1357,1.479856753,apple croissants,
1358,1.495600269,ice cream bar,
1359,1.497544284,flavored cream substitute,
1360,1.507598138,Rye grain,
1361,1.509572752,dried figs,
1362,1.509572752,focaccia,
1363,1.512499707,ice cream cone,
1364,1.521099016,chili powder seasoning,
1365,1.525653205,Light Mayonnaise,
1366,1.538461538,peanut oil,
1367,1.553351744,canned blueberries,
1368,1.563092548,bacon and tomato dressing,
1369,1.582509846,taco seasoning,
1370,1.588797912,"Kielbasa, grilled",
1371,1.589383394,water biscuits,
1372,1.592400533,smoked link sausage,
1373,1.594695804,american and cheddar cheese spread,
1374,1.59716993,"jello, sugar free",
1375,1.601898224,corn-starch,
1376,1.607882571,"Kielbasa, pan fried",
1377,1.612725591,seed gums,
1378,1.6132344,"beef frankfurter, low fat",
1379,1.613676083,breadfruit,
1380,1.617597874,ice cream stick,
1381,1.641413167,french toast,
1382,1.647461219,kielbasa,
1383,1.670593846,chocolate mousse,
1384,1.672118421,white corn grain,
1385,1.672118421,yellow corn grain,
1386,1.676712152,blue corn flour,
1387,1.685975755,cornmeal,
1388,1.690646048,white corn flour,
1389,1.690646048,yellow corn flour,
1390,1.69291751,smoked polish sausage,
1391,1.693169438,egg rolls,
1392,1.704241373,raisins,
1393,1.72151409,smoked sausage with cheese,
1394,1.744055037,knackwurst,
1395,1.749564596,Firehouse - Hot & Spicy Beef & Bean Chili,
1396,1.749564596,Roadhouse - Beef & Bean Chili,
1397,1.754165384,cassava,
1398,1.767078866,"ice cream, fat free",
1399,1.78170689,rye dinner rolls,
1400,1.806407257,sesame seeds,
1401,1.806615615,"buckwheat, cooked",
1402,1.806615615,canned blackberries,
1403,1.826409213,hotdog (hamburger) rolls,
1404,1.839596283,french rolls,
1405,1.846261487,pumpernickel rolls,
1406,1.847395428,sunflower seed butter,
1407,1.882285354,foie gras,
1408,1.882285354,goose liver,
1409,1.888734507,"burdock root, cooked",
1410,1.894305467,bread roll,
1411,1.915669814,dinner rolls,
1412,1.922898757,hash brown,
1413,1.925988835,jams and preserves,
1414,1.927375885,beef suet,
1415,1.932658565,Chicken Broccoli Cheese & Potato Soup,
1416,1.945124538,sesame butter,
1417,1.964221404,bear,
1418,1.967977044,"coffee cream, light, lowfat",
1419,1.981568907,dried cranberries,
1420,1.982755527,peanut sauce,
1421,1.982755527,prune puree,
1422,2.002513694,crackers,
1423,2.010305078,sesame meal,
1424,2.01287555,jellies,
1425,2.017421202,roasted sesame seeds,
1426,2.020471307,"ice cream, low fat",
1427,2.026934592,Baked Potato with Steak & Cheese Soup,
1428,2.026934592,Chicken Corn Chowder,
1429,2.07244178,beef sticks,
1430,2.075290296,kanpyo,
1431,2.079870084,duck sauce,
1432,2.095028141,dried peaches,
1433,2.095028141,pectin,
1434,2.105653597,sea lion,
1435,2.107972033,ice cream sundae cone,
1436,2.111705704,cranberry-orange relish,
1437,2.12320071,Italian resing,
1438,2.130879956,Chicken and Dumplings Soup,
1439,2.130879956,Old Fashioned Potato Ham Chowder,
1440,2.130879956,Split Pea 'N' Ham Soup,
1441,2.141042733,"mayonnaise, light",
1442,2.142561991,potato chips,
1443,2.142561991,sweet potato chips,
1444,2.146596947,plantain chips,
1445,2.150076669,sofrito sauce,
1446,2.168375194,sandwich spread,
1447,2.171129484,nutmeg,
1448,2.171129484,poppy seed,
1449,2.172737661,"fruit butters, apple",
1450,2.18360724,potato sticks,
1451,2.196229247,banana chips,
1452,2.203394635,HORMEL Pillow Pak Sliced Turkey Pepperoni,
1453,2.204725298,safflower seed kernels,
1454,2.215513785,vienna sausage,
1455,2.224163404,"honey mustard, fat free",
1456,2.230937068,ice cream cookie sandwich,
1457,2.259176777,ice cream sandwich,
1458,2.276506757,rich chocolate powder,
1459,2.279685958,popcorn,
1460,2.285059061,Roast beef spread,
1461,2.308453286,burdock root,
1462,2.316218957,hoisin sauce,
1463,2.33468084,apple crisp,
1464,2.343977988,pasta,
1465,2.350313064,"parmesan cheese topping, fat free",
1466,2.369136709,Polish Kielbasa,
1467,2.39966943,mace,
1468,2.4,garlic bread,
1469,2.403399931,taco shells,
1470,2.411823857,ice cream,
1471,2.415015026,tartar sauce,
1472,2.420048788,hard granola bar,
1473,2.435898694,gluten-free pasta,
1474,2.440777257,chocolate covered pretzels,
1475,2.442741106,pasta mix,
1476,2.461681983,"honey mustard dressing, low fat",
1477,2.467192595,trail mix,
1478,2.470499528,whole wheat pasta,
1479,2.478818964,Ham salad spread,
1480,2.478818964,chocolate  ice cream,
1481,2.49418595,pita chips,
1482,2.505890769,eppaw,
1483,2.522614705,buttermilk dressing,
1484,2.547840853,"italian dressing, reduced calorie",
1485,2.555701747,cream of vegetable,
1486,2.557031397,Durian,
1487,2.573008982,granola bar,
1488,2.592300795,caramel custard,
1489,2.59879445,dried pears,
1490,2.599837605,"ranch dressing, reduced fat",
1491,2.602381231,bouillon cubes,
1492,2.613170105,"thousand island dressing, light",
1493,2.623051042,chili con carne,
1494,2.627238168,liver sausage,
1495,2.638525414,roasted peas,
1496,2.643209221,wieners,
1497,2.677124481,"ice cream sandwich, no sugar added",
1498,2.724657248,corn bran,
1499,2.73961382,white sauce,
1500,2.760685186,Smokies Sausage Little Cheese,
1501,2.763850113,cream substitute with vegetable oils,
1502,2.769392231,plum sauce,
1503,2.778875857,Catsup,
1504,2.788671335,strawberry  ice cream,
1505,2.844635794,pork leaf fat,
1506,2.867213953,turbinado,
1507,2.874418008,sucralose,
1508,2.878628475,"ice cream sandwich, light",
1509,2.907762702,celery seed,
1510,2.913826475,cheese and salsa,
1511,2.913826475,"fat free ice cream, no sugar",
1512,2.915940993,Sirloin Burger with Country Vegetables Soup,
1513,2.915940993,frozen blueberries,
1514,2.945330695,rice cakes,
1515,2.945330695,rice cracker brown rice,
1516,2.968341091,pretzels,
1517,3.002281866,pork backfat,
1518,3.039581277,cumin,
1519,3.055964352,half and half cream,
1520,3.06409403,spaghetti,
1521,3.072353043,fruit rolls,
1522,3.108745563,fructose,
1523,3.134296897,equal,
1524,3.145482534,rose hips,
1525,3.145482534,yellow potatoes,
1526,3.158685843,bean dip,
1527,3.166230497,semolina,
1528,3.175050081,sorghum flour,
1529,3.177828798,saccharin,
1530,3.195582031,tapioca,
1531,3.222285208,chokecherries,
1532,3.231690303,maple sugar,
1533,3.255801796,almonds,
1534,3.268623906,chocolate fudge syrup,
1535,3.276735161,cranberry sauce,
1536,3.296882903,sugar substitute,
1537,3.305091952,light ice cream,
1538,3.32594235,choc chip cookies,
1539,3.332874208,pumpkin pie spice,
1540,3.342648032,onion powder,
1541,3.372316506,splent,
1542,3.374623646,"jasmine rice, cooked",
1543,3.38232338,anise seed,
1544,3.392012991,Savory Pot Roast Soup,
1545,3.392012991,Vegetable Soup,
1546,3.402516355,ginger,
1547,3.404816569,splenda,
1548,3.464568325,sorghum,
1549,3.501473684,saltines,
1550,3.53635397,"Chicken Noodle Soup, condensed",
1551,3.597542035,malt syrup,
1552,3.61323123,Minute Maid Lemonade,
1553,3.614265532,egg custard,
1554,3.614265532,whitefish liver,
1555,3.64167086,bay leaf,
1556,3.64167086,"smoked link sausage, beef",
1557,3.665089965,cardamom,
1558,3.676912836,saffron,
1559,3.69038183,agave syrup,
1560,3.693525257,Classic Chicken Noodle,
1561,3.721619954,custard-apple,
1562,3.721912787,pork jowl,
1563,3.726444193,swisswurst,
1564,3.742219487,cherimoya,
1565,3.777469013,Savory Vegetable Soup,
1566,3.79733969,"ice cream, light",
1567,3.82497644,coriander seed,
1568,3.830906756,buttermilk pancakes,
1569,3.830906756,pancakes,
1570,3.850820875,white pepper,
1571,3.857362144,pork fat,
1572,3.875088818,devilfish,
1573,3.879890553,ice cream (fat free),
1574,3.889833363,"caesar dressing, fat free",
1575,3.894333666,"pork fat, cooked",
1576,3.898145299,chicory roots,
1577,3.91718844,blueberry pancakes,
1578,3.919755158,tapioca pudding,
1579,3.919755158,vanilla pudding,
1580,3.944890921,sorghum syrup,
1581,3.950140857,"Prairie Turnips, cooked",
1582,3.952995576,ginger,
1583,3.963988415,dried pork,
1584,4.042467729,corn syrup,
1585,4.071239741,high fructose corn syrup,
1586,4.08719346,white flour,
1587,4.100424255,fructose,
1588,4.10942073,cocktail sauce,
1589,4.10942073,"sapote, mamey",
1590,4.114947514,hot cocoa with marshmallows,
1591,4.160010872,cloves,
1592,4.175249515,strudel,
1593,4.190599188,savory,
1594,4.221436086,canned papaya,
1595,4.237105064,canadian maple syrup,
1596,4.252856384,cane syrup,
1597,4.268725251,grenadine syrup,
1598,4.282085466,"ranch dressing, fat-free",
1599,4.332049946,canned gooseberries,
1600,4.334003723,allspice,
1601,4.348079168,rice pasta,
1602,4.365992057,cocoa mix,
1603,4.373911489,blackberry juice,
1604,4.392829056,ringed seal liver,
1605,4.400070643,maple syrup,
1606,4.412812347,chocolate powder,
1607,4.424999143,"jellies, no sugar",
1608,4.482555844,pancake mix,
1609,4.506197551,pinon nuts,
1610,4.509452836,stewed prunes,
1611,4.590704239,rowal,
1612,4.625616137,taco seasoning mix,
1613,4.632437914,"caesar dressing, low calorie",
1614,4.655868663,hearts of palm,
1615,4.658955904,corn pudding,
1616,4.706279682,pork belly,
1617,4.718223801,rice noodles,
1618,4.718223801,rice pudding,
1619,4.756756757,Multi-Grain CHEERIOS,
1620,4.786687729,tamarinds,
1621,4.795051765,sour cream (light),
1622,4.807246892,mashed potatoes,
1623,4.817891058,pie crust,
1624,4.853030195,canned prunes,
1625,4.858189015,guten free pasta,
1626,4.888967381,pancake syrup,
1627,4.899693947,pumpkin pie mix,
1628,4.995766378,"italian dressing, reduced fat",
1629,5.0029757,dry milkshake mix,
1630,5.079508315,figs,
1631,5.079508315,herring eggs,
1632,5.147153237,"blue or roquefort cheese, low calorie",
1633,5.149090621,elderberries,
1634,5.184256493,grape drink,
1635,5.220605768,"half and half cream, low fat",
1636,5.234899329,"whole wheat pasta, cooked",
1637,5.252732622,breadnut tree seeds,
1638,5.253280108,"russet potatoes, cooked",
1639,5.253280108,"white rice, cooked",
1640,5.294135427,"cream substitute, low fat",
1641,5.308001776,chocolate rennin,
1642,5.326792898,beef sandwich steaks,
1643,5.345794393,milk chocolate,
1644,5.361568922,carambola,
1645,5.363875479,steak sauce,
1646,5.369765933,"fruit cocktail, canned",
1647,5.408332285,lemon grass,
1648,5.420937984,white potatoes,
1649,5.449314495,couscous,
1650,5.503263951,cream soda,
1651,5.503897682,"pasta, cooked",
1652,5.519844291,baking powder,
1653,5.538784462,tomato chili sauce,
1654,5.599650225,canned raspberries,
1655,5.632183908,Almond Chocolate Candies,
1656,5.63605154,jackfruit,
1657,5.725485062,teriyaki sauce,
1658,5.725485062,vanilla rennin,
1659,5.746747393,bowhead fat,
1660,5.756782722,chicken broth cubes,
1661,5.800081476,palm kernel oil,
1662,5.819835829,canned jackfruit,
1663,5.899566328,chocolate syrup,
1664,5.907857158,coconut meat,
1665,5.917118629,pecan pie,
1666,5.942162475,"beerwurst, beef",
1667,5.952890792,MARS Almond Bar,
1668,5.966406592,black currants,
1669,5.966406592,cranberry-apple juice,
1670,5.989810504,pork sausage rice links,
1671,6.101444815,frozen sour cherries,
1672,6.139375548,sapodilla,
1673,6.156194129,pork and beef sausage,
1674,6.156194129,"pork tail, cooked",
1675,6.16202648,feijoa,
1676,6.214245982,canned rambutan,
1677,6.214245982,salsify (vegetable oyster),
1678,6.250904808,piki bread,
1679,6.297475022,"sour cream, reduced fat",
1680,6.298816901,pesto sauce,
1681,6.357533578,"sweet corn, cooked",
1682,6.370908734,half and half crem,
1683,6.378783216,chilchen,
1684,6.394234071,owl,
1685,6.403612242,sour dressing,
1686,6.449346231,pork tail,
1687,6.450230006,russet potatoes,
1688,6.450230006,sriracha sauce,
1689,6.450230006,sweet and sour sauce,
1690,6.483651264,pork carcass,
1691,6.532925263,worcestershire sauce,
1692,6.571032009,popovers,
1693,6.58832596,fruit punch drink,
1694,6.617768448,Mini Meatball Italian Sauce,
1695,6.682534798,canned cherries,
1696,6.777530332,jujube,
1697,6.789350049,potatoes,
1698,6.828719538,potato flour,
1699,6.874774914,fruit juice,
1700,6.887816006,hamburger bun,
1701,6.901712966,"gluten-free pasta, cooked",
1702,6.935491176,"sweet corn, white",
1703,7.012987013,white chocolate,
1704,7.043022484,"beef retail cuts, cooked",
1705,7.077335702,Prego Pasta Sauce,
1706,7.092143685,canned figs,
1707,7.096781668,white sweet corn,
1708,7.105720013,beef retail cuts,
1709,7.128224781,pork and turkey sausage,
1710,7.177016486,prune juice,
1711,7.187264683,gooseberries,
1712,7.320954907,Special K,
1713,7.33458762,Jerusalem-artichokes,
1714,7.39047619,Toblerone,
1715,7.432478278,pizza dough,
1716,7.436456892,white hominy,
1717,7.436456892,yellow hominy,
1718,7.478076304,polish sausage,
1719,7.493649566,"salsify, cooked",
1720,7.52688172,potato,
1721,7.541195722,kumquats,
1722,7.629040294,"sweet corn, white, cooked",
1723,7.67109419,"eggplant, pickled",
1724,7.739215477,ham patties,
1725,7.759781105,seedless grapes,
1726,7.873895533,Guavas,
1727,7.915576243,sherbet,
1728,7.962002664,Basil and Garlic Italian Sauce,
1729,7.962002664,fat free maynaise,
1730,8.03056873,crabapples,
1731,8.209639133,magic shell topping,
1732,8.247611128,"sweet corn, canned",
1733,8.435477077,mince pie,
1734,8.445388906,willow in oil,
1735,8.480127186,hazelnuts,
1736,8.533333333,Froot Loops,
1737,8.542809439,fireweed,
1738,8.553869737,lemon pie,
1739,8.570247963,french vanilla creamer,
1740,8.570247963,hazelnut creamer,
1741,8.596101739,"sweet corn, white, canned",
1742,8.635885424,"kefir strawberry, low fat",
1743,8.768022916,"spaghetti, cooked",
1744,8.769254947,vanilla cream pie,
1745,8.923748271,grape juice,
1746,8.939792465,quince,
1747,8.965111688,orange peel,
1748,8.965111688,passion fruit,
1749,8.975141567,spelt,
1750,8.995767067,prok sausage,
1751,9.029084723,cherry pie,
1752,9.058334641,Rock Star,
1753,9.074998242,guanabana nectar,
1754,9.096465952,potato pancakes,
1755,9.199444812,apple pie,
1756,9.258648578,"veal fat, cooked",
1757,9.393419233,muscadine grapes,
1758,9.411764706,doughnuts with jelly,
1759,9.561158862,Cream of Celery Soup,
1760,9.799387894,frozen raspberries,
1761,9.900337093,"veal seam fat, cooked",
1762,9.939702251,veal fat,
1763,9.950419899,blueberry pie,
1764,9.991532755,marinara sauce,
1765,9.991532755,oyster sauce,
1766,10.102356533,beef gravy,
1767,10.102356533,"groundcherries, (cape-gooseberries or poha)",
1768,10.157720313,dried plums,
1769,10.168270253,"beef shortribs, cooked",
1770,10.235494189,cloudberries,
1771,10.243079307,"pork (pig) feet, cooked",
1772,10.372759818,"hen skin, cooked",
1773,10.39505413,"celeriac, cooked",
1774,10.399350419,roselle,
1775,10.41817468,pork ears,
1776,10.462887876,"pork chitterlings, cooked",
1777,10.498527378,chicken gravy,
1778,10.547827494,tostada shells,
1779,10.739531866,"eggplant, cooked",
1780,10.751978994,bowhead,
1781,10.841875968,"italian dressing, fat free",
1782,10.841875968,salmonberries,
1783,10.883271764,peach pie,
1784,10.892527739,"turkey skin, cooked",
1785,11.011235955,bananas,
1786,11.106600078,clementines,
1787,11.154685339,guava nectar,
1788,11.159978197,nuts in syrup topping,
1789,11.260518541,veal seam fat,
1790,11.326106316,cranberry juice,
1791,11.363636364,meatballs,
1792,11.392019069,lemon peel,
1793,11.39842979,soy creamer,
1794,11.499306015,pork (pig) feet,
1795,11.594877783,parsnips,
1796,11.608823215,custard,
1797,11.746362978,epazote,
1798,11.750275776,lemonade,
1799,11.796195293,beef breakfast strips,
1800,11.873364365,"tomato bisque, condensed",
1801,11.950259192,pumkin pie,
1802,12.04739815,tortilla chips,
1803,12.168747642,Horned melon (Kiwano),
1804,12.170408162,"dugar-apples, (sweetsop)",
1805,12.248110334,"parsnips, cooked",
1806,12.256376119,"tomato rice, condensed",
1807,12.284202045,turkey skin,
1808,12.343441466,beef shortribs,
1809,12.346843455,"red peppers, cooked",
1810,12.423083338,pasta with tomato sauce,
1811,12.428491964,prickly pears,
1812,12.434982252,canned strawberries,
1813,12.571630409,"sweet potatoes, canned",
1814,12.603128025,Roasted Garlic and Herb Italian Sauce,
1815,12.664921989,cream of chicken,
1816,12.748211816,brown gravy,
1817,12.748211816,turkey gravy,
1818,12.757566432,"cardoon, cooked",
1819,12.930158893,persimmon,
1820,12.952761126,cream of onion,
1821,13.267896163,cranberries,
1822,13.385622406,canned grapes,
1823,13.394796017,pork chitterlings,
1824,13.409688698,pummelo,
1825,13.468800415,blueberry pied filling,
1826,13.481378,limes,
1827,13.586060414,"turkey bacon, cooked",
1828,13.623079652,teff,
1829,13.728843494,grapefruit juice,
1830,13.773196232,wheat flour,
1831,13.803425932,orange with peel,
1832,13.811243735,"thuringer, cervelat, summer sausage",
1833,13.849502028,dried wocas,
1834,14.425467738,ground beef 70%,
1835,14.42839214,cream of mushroom,
1836,14.470943142,huckleberries,
1837,14.545454545,Twix,
1838,14.618918808,hard white wheat,
1839,14.704912448,soft white wheat,
1840,14.704912448,"wheat flour, wholemeal",
1841,14.791923764,triticale flour,
1842,14.872913785,Guava sauce,
1843,14.872913785,canned grapefruit,
1844,14.879970929,triticale,
1845,15.060551223,sweetbread,
1846,15.104743904,soft red wheat,
1847,15.104743904,vermicelli,
1848,15.256418135,papaya nectar,
1849,15.289511413,hard red wheat,
1850,15.350177208,"beef sausage, smoked",
1851,15.403283501,cream of potato,
1852,15.463216667,apricots,
1853,15.526926187,marshmellow cream topping,
1854,15.52772532,Potato salad with egg,
1855,15.747791066,mushroom gravy,
1856,15.811982303,"ginger root, pickled",
1857,15.831152487,cream of celery,
1858,15.831152487,cream of shrimp,
1859,15.831152487,fish soup,
1860,16.10399692,peach nectar,
1861,16.127968491,whole wheat tortillas,
1862,16.201630591,pasilla pepper,
1863,16.285570789,turkey and pork sausage,
1864,16.345581191,ground beef 75%,
1865,16.414567599,cranberry juice cocktail,
1866,16.666666667,"APPLEBEE'S, coleslaw",
1867,16.732028008,grapefruit,
1868,16.985605684,"rutabagas, cooked",
1869,17.047922204,potato salad,
1870,17.051290857,orange and apricot juice,
1871,17.051290857,passion-fruit juice,
1872,17.122158329,Wasabi,
1873,17.180997362,beluga eyes,
1874,17.180997362,waffles,
1875,17.180997362,wonton wrappers,
1876,17.270348167,soursop,
1877,17.359966084,vanilla extract,
1878,17.571316224,enchilada sauce,
1879,17.729327065,"cheddar cheese, reduced fat",
1880,18.018308799,rice milk,
1881,18.448967647,beluga flipper,
1882,18.725356675,"pork sausage, cooked",
1883,18.752714424,pickle relish,
1884,19.010152974,gluten free waffles,
1885,19.230769231,Gatorade,
1886,19.378566792,tennis bread,
1887,19.683741072,strawberry topping,
1888,19.76154242,pineapple topping,
1889,19.80419225,zwieback,
1890,19.982400616,plantains,
1891,20.070497671,tamarinds nectar,
1892,20.223624039,papayas,
1893,20.354338912,"acorn squash, cooked",
1894,20.38272682,rose-apples,
1895,21.015973062,"plantains, cooked",
1896,21.198720654,cherry pie filling,
1897,21.227340267,pine nuts,
1898,21.41699585,Jew's ear (pepeao),
1899,21.585252212,tangerines,
1900,21.766543528,Poi,
1901,22.000353216,sugar free syrup,
1902,22.122434656,turkey bacon,
1903,22.222222222,white vinegar,
1904,22.319956394,"frozen whipped topping, low fat",
1905,22.622942227,ground pork frozen,
1906,22.880367344,tangerine juice,
1907,22.93426712,corn tortillas,
1908,23.146621445,butterscotch topping,
1909,23.2955732,boysenberries,
1910,23.478763653,canned pears,
1911,23.583350152,"salmon nuggets, breaded",
1912,24.265150977,frozen rhubarb,
1913,24.313043478,ruby red cranberry,
1914,24.313043478,white cranberry peach,
1915,24.337495285,frozen lemon juice,
1916,24.378528752,apple pie filling,
1917,24.508187413,"beef patties, frozen",
1918,25.123971016,walrus,
1919,25.639334524,"tempeh, cooked",
1920,25.714285714,cider vinegar,
1921,26.230769231,pineapple (canned),
1922,26.453281652,"salmon nuggets, cooked",
1923,26.605078308,tangerines juice,
1924,26.666666667,mango,
1925,26.789592035,plums,
1926,26.789592035,sweet pickles,
1927,27.139118549,sourdock,
1928,27.421099503,cranberry juice,
1929,27.470715562,veal pancreas,
1930,28.052123668,Pico De Gallo,
1931,28.347126456,frozen pineapple,
1932,28.370172747,canned peaches,
1933,29.371721388,	pomegranates,
1934,29.39248224,cider,
1935,30.481092693,horchata,
1936,31.662304974,chicken stock,
1937,32.448407302,yokan,
1938,32.686239064,frozen strawberries,
1939,32.919580109,chocolate almond milk,
1940,33.425145172,"butternut squash, cooked",
1941,33.783783784,sour cream (fat free),
1942,33.971211367,sweet and sour dressing,
1943,34.29122928,clam and tomato juice,
1944,34.784633348,Chunky Salsa,
1945,34.784633348,Green Taco Sauce,
1946,34.784633348,Picante Sauce,
1947,35.208945297,taro,
1948,35.208945297,"taro, cooked",
1949,36.903818298,spaghetti squash,
1950,37.209302326,Red Bull,
1951,37.876289638,"KAMUT khorasan, cooked",
1952,38.278581522,grape soda,
1953,40.145829401,root beer,
1954,40.980903543,willow,
1955,41.111537977,orange juice,
1956,41.149475136,sprite,
1957,42.370086714,yam,
1958,43.10060545,yam,
1959,43.315236985,vanilla almond milk,
1960,43.840114579,indian squash,
1961,44.485919066,cola,
1962,44.639912788,taro,
1963,45.145423614,pomegranate juice,
1964,45.86853424,wasabi root,
1965,45.99722406,pineapple juice,
1966,47.56899811,light cranberry juice,
1967,48.411147219,ginger ale,
1968,48.411147219,tonic water,
1969,49.501685467,"teff, cooked",
1970,49.501685467,wild rice,
1971,49.996702322,whipped cream substitute,
1972,50.769230769,peaches,
1973,51.43684392,coca-cola,
1974,51.542992085,chinese waterchestnuts (matai),
1975,52.996801634,plums,
1976,53.187981194,tofu yogurt,
1977,59.459826224,canned plums,
1978,59.519883717,whiskey sour mix,
1979,60.694862579,"frozen yogurt, low fat",
1980,63.64,pineapple (fresh),
1981,71.24018619,"indian squash, cooked",
1982,75.326659808,"chocolate yogurt, non fat",
1983,76.182902349,canned pineapple,
1984,79.590433005,fruit greek yogurt,
1985,79.590433005,strawberry greek yogurt,
1986,86.08761121,yautia (tannier),
1987,88.806167353,"vanilla greek yogurt, low fat",
1988,104.159796504,spaghetti sauce,
1989,124.991755805,"tree fern, cooked",
1990,147.049124477,"wocas, cooked",
1991,156.239694757,tomatillos,
1992,222.015418383,yambean (jicama),
1993,263.140538538,red vinegar,
1994,0.416722412,beef tallow,common
1995,1.488593228,cocoa powder,common
1996,3.010574651,brown sugar,common
1997,3.410349658,headcheese,common
1998,5.034482759,Molasses,common
1999,6.712207416,currants,common
2000,11.154685339,horseradish,common
2001,31.11204625,strawberries,common
2002,36.97502439,cod liver oil,common
2003,0.416722412,fish oil,popular
2004,0.516795866,sugar,popular
2005,0.641732188,rye bread,popular
2006,0.764758751,instant oatmeal,popular
2007,1.503150945,prunes,popular
2008,1.989254763,sesame seeds,popular
2009,2.086330935,whole wheat bread,popular
2010,2.363086505,salami,popular
2011,2.597009947,blackberries (frozen),popular
2012,2.813559322,peanut butter,popular
2013,3.001052374,coconut milk,popular
2014,3.024999414,hummus,popular
2015,3.084832905,oats,popular
2016,3.439825829,cream cheese,popular
2017,4.455023199,cherries,popular
2018,5.365853659,brown rice,popular
2019,6.267284144,Greek yogurt (whole milk),popular
2020,7.525083612,almond flour,popular
2021,7.589285714,pistachio nuts,popular
2022,8.928571429,pepperoni,popular
2023,11.661237785,almond butter,popular
2024,13.953488372,sweet potato (raw),popular
2025,16.666666667,pears,popular
2026,16.666666667,watermelon,popular
2027,23.636363636,grapefruit,popular
2028,29.166666667,quinoa,popular
2029,73.888888889,salsa,popular
2030,0.549450549,flour,very popular
2031,1.018099548,vegetable oil,very popular
2032,1.357466063,olive oil,very popular
2033,2.137707308,brazil nuts,very popular
2034,3.206278027,coconut oil,very popular
2035,3.338898164,peanuts,very popular
2036,3.617647059,mayonnaise,very popular
2037,3.621169916,butter,very popular
2038,3.99113082,lard,very popular
2039,4.97178935,avocado,very popular
2040,5.429864253,avocado oil,very popular
2041,7.673860911,bacon,very popular
2042,7.772020725,almonds,very popular
2043,8.385200689,kiwifruit,very popular
2044,8.562691131,walnuts,very popular
2045,8.620689655,cashews,very popular
2046,8.683068017,pecans,very popular
2047,14.925373134,grapes,very popular
2048,19.206237071,flax seeds,very popular
2049,22.692307692,apples,very popular
2050,25.0,onion,very popular
2051,25.106382979,oranges,very popular
2052,32.0,lime juice,very popular
2053,36.363636364,lemon juice,very popular
2054,38.461538462,"potatoes, cooked",very popular
2055,42.914979757,cinnamon,very popular
2056,53.972043154,raspberries,very popular
2057,54.545454545,balsamic vinegar,very popular
2058,56.578947368,honey,very popular
2059,73.717948718,turmeric,very popular
2060,221.754385965,blueberries,very popular
