,ND,Satiety Index,% insulinogenic V2,foodName,Group
0,6.248473504,0.923081344,0.738646571,mung beans,Vegetables and Vegetable Products
1,12.751117518,0.891155139,0.49626553,asparagus,Vegetables and Vegetable Products
2,9.127970477,0.884335073,0.53826071,Chinese cabbage,Vegetables and Vegetable Products
3,9.809201754,0.876924014,0.651803869,white mushroom,Vegetables and Vegetable Products
4,10.635458573,0.84248812,0.508332665,chard,Vegetables and Vegetable Products
5,8.514184102,0.839106869,0.362430678,mustard greens,Vegetables and Vegetable Products
6,9.215886021,0.835402727,0.317850674,pumpkin leaves,Vegetables and Vegetable Products
7,9.980034929,0.832902512,0.495844618,lettuce,Vegetables and Vegetable Products
8,7.517254568,0.825068767,0.483039753,chives,Vegetables and Vegetable Products
9,9.444752805,0.850041407,0.547540209,portabella mushrooms,Vegetables and Vegetable Products
10,5.87550161,0.822252005,0.647706283,peas,Vegetables and Vegetable Products
11,9.289555034,0.81717822,0.500001596,okra,Vegetables and Vegetable Products
12,1.305839702,0.81702748,0.552613636,mozzarella (non fat),Dairy and Egg Products
13,4.401061437,0.814131311,0.495201891,Brussel sprouts,Vegetables and Vegetable Products
14,13.824946674,0.8028046,0.653138452,watercress,Vegetables and Vegetable Products
15,7.071347472,0.794812981,0.440628883,turnip greens,Vegetables and Vegetable Products
16,10.683737839,0.793990263,0.452987686,arugula,Vegetables and Vegetable Products
17,10.149538267,0.793934323,0.346334181,beet greens,Vegetables and Vegetable Products
18,4.948764975,0.78985127,0.505679407,turnips,Vegetables and Vegetable Products
19,12.447246944,0.789050373,0.485521125,spinach,Vegetables and Vegetable Products
20,7.15796206,0.787471116,0.500890183,cauliflower,Vegetables and Vegetable Products
21,9.214130974,0.785176543,0.589159201,yeast extract spread,Vegetables and Vegetable Products
22,0.680925234,0.759087128,0.641610733,lentils,Legumes and Legume Products
23,7.08646145,0.756744181,0.553731295,cabbage,Vegetables and Vegetable Products
24,-0.741495909,0.752648221,0.764234694,bread (wheat),Baked Products
25,0.793244047,0.746178554,0.684623637,cowpeas,Legumes and Legume Products
26,4.900260343,0.746173623,0.646936789,onions,Vegetables and Vegetable Products
27,3.845742816,0.74406686,0.54710253,red cabbage,Vegetables and Vegetable Products
28,-0.147887137,0.741140068,0.63268536,peas,Legumes and Legume Products
29,11.771860337,0.730566732,0.295954089,coriander,Vegetables and Vegetable Products
30,7.807837139,0.728195626,0.401908489,zucchini,Vegetables and Vegetable Products
31,-0.257586922,0.726611596,0.718323297,broad beans,Legumes and Legume Products
32,6.660081974,0.721599277,0.703004441,spirulina,Vegetables and Vegetable Products
33,5.579322054,0.709610993,0.387148384,sauerkraut,Vegetables and Vegetable Products
34,9.407376808,0.709403608,0.503567295,broccoli,Vegetables and Vegetable Products
35,5.303833098,0.708848836,0.597414236,kale,Vegetables and Vegetable Products
36,5.356494,0.705276172,0.425095174,radishes,Vegetables and Vegetable Products
37,0.058877573,0.705073432,0.795420054,shallots,Vegetables and Vegetable Products
38,6.077581868,0.704679871,0.491673455,artichokes,Vegetables and Vegetable Products
39,6.534449412,0.704490338,0.35894048,banana pepper,Vegetables and Vegetable Products
40,1.425897538,0.699105533,0.699673385,beets,Vegetables and Vegetable Products
41,8.249000804,0.696281306,0.575578342,shiitake mushroom,Vegetables and Vegetable Products
42,8.357105918,0.695001176,0.496700917,celery,Vegetables and Vegetable Products
43,3.764074827,0.730361781,0.76029359,cream cheese (low fat),Dairy and Egg Products
44,9.797430931,0.69198833,0.80295555,seaweed (laver),Vegetables and Vegetable Products
45,6.473110123,0.690847423,0.451457948,summer squash,Vegetables and Vegetable Products
46,11.858195215,0.690386575,0.231379205,chicory greens,Vegetables and Vegetable Products
47,0.342603603,0.689378301,0.73540629,kidney beans,Legumes and Legume Products
48,6.098531968,0.68781825,0.580180432,snap beans,Vegetables and Vegetable Products
49,6.166188777,0.687440987,0.757192367,pumpkin,Vegetables and Vegetable Products
50,10.742080706,0.685896745,0.472059551,basil,Spices and Herbs
51,3.541073792,0.69347278,0.533347537,protein powder (WPI),Dairy and Egg Products
52,1.97050837,0.682783748,0.871419396,Jerusalem-artichokes,Vegetables and Vegetable Products
53,1.095681209,0.680223304,0.390489014,natto,Legumes and Legume Products
54,2.654744253,0.679561262,0.607947233,turnips,Vegetables and Vegetable Products
55,4.726271679,0.677870515,0.345340195,eggplant,Vegetables and Vegetable Products
56,5.781385949,0.675844597,0.550764007,rhubarb,Vegetables and Vegetable Products
57,8.04051569,0.669731748,0.192289606,alfalfa,Vegetables and Vegetable Products
58,1.281438109,0.668229823,0.728017382,black beans,Legumes and Legume Products
59,3.311625312,0.665077112,0.655645872,coconut water,Nut and Seed Products
60,-1.928361653,0.6637118,0.926305337,prune juice,Fruits and Fruit Juices
61,7.888980619,0.66258847,0.674954395,radicchio,Vegetables and Vegetable Products
62,-1.118039327,0.661415229,0.861480534,apricots,Fruits and Fruit Juices
63,-2.459293609,0.660819778,0.883166281,dried currants,Fruits and Fruit Juices
64,-0.282526678,0.660792597,0.778158245,"Bagels, multigrain",Baked Products
65,-3.078393578,0.659137125,0.85958486,dried apples,Fruits and Fruit Juices
66,-3.006597591,0.658498438,0.922169269,canned peaches,Fruits and Fruit Juices
67,-3.873303762,0.658111342,0.891731783,guava nectar,Fruits and Fruit Juices
68,-2.440009392,0.657533802,0.867945578,prunes,Fruits and Fruit Juices
69,2.744518777,0.678525973,0.408992717,edamame,Vegetables and Vegetable Products
70,-3.770380888,0.655626207,0.676716465,"Pears, canned, heavy syrup pack, solids and liquids",Fruits and Fruit Juices
71,13.441854538,0.655420893,0.233211166,endive,Vegetables and Vegetable Products
72,1.509478475,0.654617497,0.70137265,lima beans,Vegetables and Vegetable Products
73,9.878388356,0.652705207,0.479075607,parsley,Vegetables and Vegetable Products
74,-1.373431283,0.652508594,0.920157184,canned pineapple,Fruits and Fruit Juices
75,-1.111238262,0.652358886,0.759599834,pineapple,Fruits and Fruit Juices
76,11.018608264,0.649922948,0.242807341,escarole,Vegetables and Vegetable Products
77,0.29073159,0.649742956,0.648128729,cranberries,Fruits and Fruit Juices
78,1.267466229,0.648917952,0.851127988,grapefruit,Fruits and Fruit Juices
79,-1.255329356,0.648671149,0.900655414,plantains,Fruits and Fruit Juices
80,1.675431039,0.648462037,0.735003095,mulberries,Fruits and Fruit Juices
81,4.493146939,0.647959822,0.40192138,red peppers,Vegetables and Vegetable Products
82,-2.723793472,0.647223373,0.498621922,apples,Fruits and Fruit Juices
83,0.495221853,0.643447384,0.65804231,honeydew melon,Fruits and Fruit Juices
84,0.975122356,0.641908574,0.829163168,leeks,Vegetables and Vegetable Products
85,1.557221629,0.641325595,0.555344721,carambola,Fruits and Fruit Juices
86,1.004709127,0.641204781,0.756911333,English muffins,Baked Products
87,-1.331718512,0.640659626,0.759300545,"Bread, potato",Baked Products
88,0.702591368,0.639464234,0.766780123,oranges,Fruits and Fruit Juices
89,0.746046295,0.638502656,0.70402053,limes,Fruits and Fruit Juices
90,0.687218442,0.638008037,0.714205072,apricots,Fruits and Fruit Juices
91,5.071921907,0.637950719,0.690190756,winter squash,Vegetables and Vegetable Products
92,5.564761542,0.636897538,0.753937357,butternut squash,Vegetables and Vegetable Products
93,1.085266754,0.635843526,0.540972973,boysenberries,Fruits and Fruit Juices
94,0.344302974,0.655000995,0.739754778,egg white,Dairy and Egg Products
95,5.086662987,0.654627427,0.637143546,kefir (low fat),Dairy and Egg Products
96,1.260096032,0.636007662,0.699837154,cantaloupe,Fruits and Fruit Juices
97,-2.006097878,0.634254442,0.638850472,pears,Fruits and Fruit Juices
98,-1.877288913,0.632708598,0.560062398,blueberries,Fruits and Fruit Juices
99,-1.436008433,0.631089852,0.614038253,cherries,Fruits and Fruit Juices
100,2.909777541,0.630619911,0.271712456,blackberries,Fruits and Fruit Juices
101,-1.613668085,0.630587501,0.65504332,plums,Fruits and Fruit Juices
102,-0.148781237,0.639649498,0.51072133,lupin seeds,Legumes and Legume Products
103,0.749385112,0.629379234,0.699690219,peaches,Fruits and Fruit Juices
104,-0.65031133,0.62919246,0.631293549,mango,Fruits and Fruit Juices
105,-3.46429824,0.627415162,0.832895184,"Apples, canned, sweetened, sliced, drained, heated",Fruits and Fruit Juices
106,-2.621645686,0.627296549,0.865309946,litchis,Fruits and Fruit Juices
107,-2.1344561,0.624360688,0.523365863,passion fruit,Fruits and Fruit Juices
108,-0.708608572,0.623483405,0.636823472,chick peas,Legumes and Legume Products
109,3.344532963,0.622628742,0.724395604,celeriac,Vegetables and Vegetable Products
110,-3.531003576,0.621961462,0.841998658,"Apples, canned, sweetened, sliced, drained, unheated",Fruits and Fruit Juices
111,0.496370684,0.624075186,0.715003478,nectarines,Fruits and Fruit Juices
112,-2.141763592,0.620088468,0.906160398,grapes,Fruits and Fruit Juices
113,-0.610291928,0.620004464,0.689739883,garbanzo beans,Legumes and Legume Products
114,-1.464368792,0.618467316,0.807612042,"Bagels, wheat",Baked Products
115,0.915693432,0.635960855,0.911477745,chocolate milk (fat free),Dairy and Egg Products
116,0.221653226,0.616702409,0.601911935,watermelon,Fruits and Fruit Juices
117,1.186304076,0.616425592,0.548399848,kiwifruit,Fruits and Fruit Juices
118,-2.792144186,0.645279767,0.917448101,gelatin powder,Sweets
119,-2.255766499,0.61457904,0.941625689,canned tangerines,Fruits and Fruit Juices
120,0.114985692,0.614094079,0.856855263,garlic powder,Spices and Herbs
121,-2.976545368,0.626385523,0.670082421,raisins,Fruits and Fruit Juices
122,0.94096426,0.612186433,0.488413238,strawberries,Fruits and Fruit Juices
123,-2.7249012,0.609073679,0.93548538,apricot nectar,Fruits and Fruit Juices
124,-2.444665311,0.604020932,0.687506722,canned pineapple,Fruits and Fruit Juices
125,-0.696848644,0.603417267,0.490911498,miso,Legumes and Legume Products
126,7.504610715,0.612669798,0.530366349,baker's yeast,Baked Products
127,0.844300182,0.619091329,0.625465424,cottage cheese (low fat),Dairy and Egg Products
128,1.170340086,0.617238373,0.629602821,Greek yogurt (low fat),Dairy and Egg Products
129,2.816664915,0.627103296,0.824033823,welk,Finfish and Shellfish Products
130,-0.932978029,0.594630982,0.677589452,"Bread, multi-grain, toasted (includes whole-grain)",Baked Products
131,1.624586614,0.593798878,0.297859955,raspberries,Fruits and Fruit Juices
132,3.022357605,0.601299928,0.467071499,protein powder (WPC),Dairy and Egg Products
133,-0.536661258,0.587646489,0.793321853,wheat bran bread,Baked Products
134,7.822310829,0.586717069,0.394758252,cucumber,Vegetables and Vegetable Products
135,7.822310829,0.586717069,0.394758252,pickles,Vegetables and Vegetable Products
136,1.807674256,0.585840451,0.632045314,turkey,Sausages and Luncheon Meats
137,7.211127261,0.594178437,0.369033203,collards,Vegetables and Vegetable Products
138,-1.029863842,0.583438505,0.679717422,	pomegranates,Fruits and Fruit Juices
139,0.77317744,0.581372322,0.64372753,rye flour,Cereal Grains and Pasta
140,-0.231116556,0.594572771,0.372265786,Greek yogurt,Dairy and Egg Products
141,0.365810875,0.575141617,0.888643618,garlic,Vegetables and Vegetable Products
142,-1.530705883,0.574849509,0.728984346,"Bread, oat bran, toasted",Baked Products
143,-0.870452962,0.574188568,0.727592831,oat bran bread,Baked Products
144,-1.704656428,0.574178076,0.863865611,wild rice,Cereal Grains and Pasta
145,-1.68999786,0.571678855,0.875542259,oat bran bagels,Baked Products
146,-4.558878975,0.599812716,0.547669648,turkey breast (fat free),Sausages and Luncheon Meats
147,-0.982423123,0.56783727,0.832121877,"Bread, protein, (includes gluten), toasted",Baked Products
148,3.15251507,0.618925116,0.641931243,carrots,Vegetables and Vegetable Products
149,8.653348226,0.590453137,0.706713945,cod,Finfish and Shellfish Products
150,6.589211714,0.590005623,0.706275537,haddock,Finfish and Shellfish Products
151,-0.906269819,0.589544734,0.717404192,soy protein isolate,Legumes and Legume Products
152,-1.295297522,0.560022944,0.78606532,"Bread, wheat, toasted",Baked Products
153,-3.846716066,0.559885094,0.93905685,pickle relish,Vegetables and Vegetable Products
154,-1.545977694,0.558470141,0.771196855,"Muffin, blueberry, commercially prepared, low-fat",Baked Products
155,0.928550564,0.577659529,0.964114229,non-fat yogurt,Dairy and Egg Products
156,5.716779315,0.587669596,0.70378763,white fish,Finfish and Shellfish Products
157,2.939738165,0.587657143,0.704369219,orange roughy,Finfish and Shellfish Products
158,-2.989468808,0.556596392,0.70781984,"Bread, cinnamon",Baked Products
159,11.048721801,0.585418399,0.712544928,crab,Finfish and Shellfish Products
160,5.064423284,0.555949899,0.40499283,chayote,Vegetables and Vegetable Products
161,5.856753656,0.565510841,0.586451329,dill (fresh),Spices and Herbs
162,8.887081279,0.555312225,0.794072249,seaweed (wakame),Vegetables and Vegetable Products
163,-0.395257309,0.553618821,0.831326407,"Bread, pita, whole-wheat",Baked Products
164,3.959504287,0.561776209,0.622437276,tarragon,Spices and Herbs
165,-2.597493131,0.551495717,0.731719839,"Bread stuffing, cornbread, dry mix",Baked Products
166,10.760370097,0.580168669,0.710781653,lobster,Finfish and Shellfish Products
167,-0.253847964,0.550520351,0.911456948,potato,Vegetables and Vegetable Products
168,-1.183192245,0.553417215,0.91085657,couscous,Cereal Grains and Pasta
169,-0.426971357,0.544783818,0.804533165,"Buckwheat groats, roasted, cooked",Cereal Grains and Pasta
170,-1.491620935,0.550952694,0.747768025,crackers,Cereal Grains and Pasta
171,7.625680796,0.573528342,0.688883935,pollock,Finfish and Shellfish Products
172,-1.141635969,0.539505103,0.729360596,"Rolls, dinner, oat bran",Baked Products
173,0.283420041,0.56750582,0.72467571,pastrami (fat free),Sausages and Luncheon Meats
174,-0.908384939,0.536667828,0.816780772,"English muffins, wheat, toasted",Baked Products
175,-0.596011937,0.535351005,0.814603623,"English muffins, wheat",Baked Products
176,-1.020068877,0.586193042,0.708720703,bananas,Fruits and Fruit Juices
177,5.796841268,0.564345649,0.859074419,amaranth leaves,Vegetables and Vegetable Products
178,-1.342588554,0.540568234,0.805544455,bulgur,Cereal Grains and Pasta
179,5.40380146,0.533875242,0.371061093,jalapeno peppers,Vegetables and Vegetable Products
180,-1.279562937,0.533307471,0.638681755,rye bread,Baked Products
181,7.005654059,0.559955763,0.710684714,octopus,Finfish and Shellfish Products
182,-1.827974834,0.544302064,0.519055241,cottage cheese,Dairy and Egg Products
183,-0.01025505,0.528876598,0.720215629,"Rolls, dinner, whole-wheat",Baked Products
184,-1.991059628,0.528664504,0.767948793,"Bread, oatmeal, toasted",Baked Products
185,-1.74464,0.528016447,0.767714749,"Bread, oatmeal",Baked Products
186,-3.25963779,0.527890953,0.761623629,"Cookies, fig bars",Baked Products
187,8.223366143,0.528739875,0.383499256,wheat bran,Cereal Grains and Pasta
188,-1.432509916,0.524015534,0.776214603,"Rolls, hamburger, whole grain white, calcium-fortified",Baked Products
189,2.308621188,0.55212893,0.667338525,frankfurter (fat free),Sausages and Luncheon Meats
190,9.340623449,0.522576862,0.769632635,seaweed (kelp),Vegetables and Vegetable Products
191,-0.845941956,0.525478321,0.727291008,"Barley, hulled",Cereal Grains and Pasta
192,-1.483722175,0.521840153,0.632955432,"Bread, reduced-calorie, oat bran, toasted",Baked Products
193,-1.990220679,0.522089781,0.807423316,rye flour,Cereal Grains and Pasta
194,7.26621796,0.548579277,0.687401063,shrimp,Finfish and Shellfish Products
195,8.228684063,0.54679464,0.660527658,halibut,Finfish and Shellfish Products
196,9.005298144,0.546639962,0.667365443,crayfish,Finfish and Shellfish Products
197,6.405942892,0.546132331,0.659861663,whiting,Finfish and Shellfish Products
198,-1.291428939,0.521621604,0.801895517,"Rolls, pumpernickel",Baked Products
199,7.606920529,0.5450488,0.657369589,rockfish,Finfish and Shellfish Products
200,1.552609823,0.565380744,0.808686614,sweet potato,Vegetables and Vegetable Products
201,-0.979777327,0.514025743,0.855426888,"English muffins, mixed-grain (includes granola)",Baked Products
202,-1.577101229,0.514011885,0.77000061,"Bread, rye, toasted",Baked Products
203,-1.227579584,0.513702632,0.857699512,"English muffins, mixed-grain, toasted (includes granola)",Baked Products
204,-1.769382871,0.516417588,0.777274875,pearled barley,Cereal Grains and Pasta
205,-1.335363735,0.512426173,0.769630245,"Bread, rye",Baked Products
206,-0.853693274,0.513452499,0.770392383,Rye grain,Cereal Grains and Pasta
207,4.545008286,0.592427835,0.774375116,molluscs,Finfish and Shellfish Products
208,6.143959875,0.57027827,0.726821901,clam,Finfish and Shellfish Products
209,1.085140383,0.508834489,0.808737434,ginger,Vegetables and Vegetable Products
210,4.689585078,0.588867871,0.773958558,scallop,Finfish and Shellfish Products
211,0.103253784,0.5076842,0.845548227,taro,Vegetables and Vegetable Products
212,-2.317801643,0.507413474,0.827797636,English muffins,Baked Products
213,-0.654368255,0.507287383,0.845194372,yam,Vegetables and Vegetable Products
214,-0.856629408,0.507048015,0.826197955,"Bread, boston brown, canned",Baked Products
215,0.496555141,0.50566366,0.341406959,cinnamon,Spices and Herbs
216,1.133909809,0.556801751,0.710282153,sweet corn,Vegetables and Vegetable Products
217,2.781951547,0.533704589,0.645797374,veal,"Lamb, Veal, and Game Products"
218,-1.795688935,0.510447275,0.758293336,"Wheat, soft white",Cereal Grains and Pasta
219,-0.980170651,0.513589946,0.780945511,Buckwheat,Cereal Grains and Pasta
220,2.443298148,0.500799371,0.612165526,turmeric,Spices and Herbs
221,-1.468030091,0.506872654,0.750055236,Catsup,Vegetables and Vegetable Products
222,0.14901307,0.499997614,0.730119754,rice bran bread,Baked Products
223,-1.69033647,0.499871,0.596435605,"Cake, snack cakes, not chocolate, with icing or filling, low-fat, with added fiber",Baked Products
224,-3.322818583,0.499871,0.604100778,"Cookies, brownies, commercially prepared, reduced fat, with added fiber",Baked Products
225,-1.82638059,0.499871,0.55260041,"Cake, snack cakes, creme-filled, chocolate with frosting, low-fat, with added fiber",Baked Products
226,-2.799676186,0.499871,0.556518689,"Cookies, oatmeal, reduced fat",Baked Products
227,-2.786521665,0.499871,0.629231519,"Muffins, wheat bran, toaster-type with raisins, toasted",Baked Products
228,-1.163355293,0.499585134,0.945351945,tangerine juice,Fruits and Fruit Juices
229,-1.789440894,0.499368087,0.79656414,"Rolls, dinner, rye",Baked Products
230,4.638324346,0.49890246,0.650498111,oat bran,Cereal Grains and Pasta
231,-3.576468576,0.498262387,0.926975425,pound cake (fat free),Baked Products
232,-2.322205593,0.497446924,0.726325121,"Hominy, canned, white",Cereal Grains and Pasta
233,-2.51116204,0.502320009,0.855510204,quince,Fruits and Fruit Juices
234,-3.145913058,0.501847742,0.889011617,raisins,Fruits and Fruit Juices
235,-2.35941527,0.49032809,0.776165215,"Bread, raisin, enriched, toasted",Baked Products
236,-2.174365465,0.490306482,0.776742575,"Bread, raisin, enriched",Baked Products
237,3.952542481,0.489737366,0.270818623,mustard seed,Spices and Herbs
238,-1.103614779,0.488658414,0.718610984,"Rolls, hamburger or hotdog, mixed-grain",Baked Products
239,1.979467809,0.49104081,0.570408112,pepper,Spices and Herbs
240,-1.782493212,0.497169072,0.117847403,corn bran,Cereal Grains and Pasta
241,-3.347069149,0.496127495,0.842015113,"Gooseberries, canned, light syrup pack, solids and liquids",Fruits and Fruit Juices
242,-1.799010401,0.500239073,0.953183631,grapefruit juice,Fruits and Fruit Juices
243,-1.976928454,0.494611912,0.785281004,"Sugar-apples, (sweetsop), raw",Fruits and Fruit Juices
244,-2.916014407,0.49886107,0.967526249,apple juice,Fruits and Fruit Juices
245,-1.345638051,0.487434624,0.761470334,"Bread, pumpernickel",Baked Products
246,6.593295165,0.51290186,0.621747428,perch,Finfish and Shellfish Products
247,-1.800150681,0.482930078,0.810113673,"Bread, italian",Baked Products
248,-1.551701544,0.486721682,0.762242787,"Bread, pumpernickel, toasted",Baked Products
249,0.340378576,0.492850233,0.833739793,grapefruit,Fruits and Fruit Juices
250,-3.346352808,0.482299792,0.659333156,"Bread, cornbread, dry mix, enriched (includes corn muffin mix)",Baked Products
251,-2.360131342,0.491083001,0.815607389,"Crackers, melba toast, rye (includes pumpernickel)",Baked Products
252,5.716915011,0.509915225,0.61449166,chicken breast,Poultry Products
253,-0.998827913,0.489498449,0.699919019,Oats,Cereal Grains and Pasta
254,4.190002462,0.478557242,0.307091848,marjoram,Spices and Herbs
255,-3.777590318,0.49458221,0.676712595,"Guanabana nectar, canned",Fruits and Fruit Juices
256,-2.212088909,0.473059589,0.462647151,"Cookies, chocolate cream covered biscuit sticks",Baked Products
257,9.340844416,0.506745064,0.586259973,oysters,Finfish and Shellfish Products
258,-2.00012708,0.47049273,0.688711366,"Muffins, corn, commercially prepared",Baked Products
259,1.164099161,0.469923241,0.701947615,ginger,Spices and Herbs
260,-1.945050813,0.469086546,0.812629589,"Bread, white, commercially prepared, toasted",Baked Products
261,-3.586491214,0.465482589,0.708735336,fruitcake,Baked Products
262,-2.927726171,0.475561152,0.780039757,"Pasta, gluten-free, corn, cooked",Cereal Grains and Pasta
263,1.548355129,0.47366264,0.934363257,baking powder,Baked Products
264,-1.095476061,0.48064,0.481798348,cheddar (non-fat),Dairy and Egg Products
265,5.850472071,0.48064,0.295615598,whole egg,Dairy and Egg Products
266,3.14635725,0.487316727,0.826381454,pinto beans,Vegetables and Vegetable Products
267,-1.57042154,0.456938777,0.837090014,"Bread, wheat germ, toasted",Baked Products
268,2.428308373,0.460461344,0.269778089,caraway seed,Spices and Herbs
269,-0.810237913,0.48064,0.321221075,"Chicken, broiler, rotisserie, BBQ, back meat only",Poultry Products
270,-0.874296062,0.45417945,0.725274073,"Bread, whole-wheat, prepared from recipe, toasted",Baked Products
271,-1.81297436,0.4640615,0.762614002,"Bread, cracked-wheat",Baked Products
272,-0.692169827,0.453817662,0.726248035,"Bread, whole-wheat, prepared from recipe",Baked Products
273,-1.953487575,0.460168623,0.849790956,"Millet, cooked",Cereal Grains and Pasta
274,-0.53657119,0.48064,0.39029182,"Chicken, broiler, rotisserie, BBQ, drumstick meat and skin",Poultry Products
275,-3.611730258,0.452670636,0.494837394,"Cookies, chocolate sandwich, with creme filling, regular, chocolate-coated",Baked Products
276,-0.598108507,0.48064,0.300037946,beef loin,Beef Products
277,0.571998663,0.48064,0.33366849,beef ribs,Beef Products
278,-1.810899887,0.48064,0.320887285,"Beef, rib, eye, small end (ribs 10-12), separable lean and fat, trimmed to 0"" fat, choice, cooked, broiled",Beef Products
279,-1.817923591,0.48064,0.311622155,"Beef, rib, small end (ribs 10-12), separable lean and fat, trimmed to 1/8"" fat, select, cooked, broiled",Beef Products
280,1.299515568,0.48064,0.554937834,top round steak (fat trimmed),Beef Products
281,1.550656547,0.48064,0.354780621,sirloin steak,Beef Products
282,-0.635155382,0.48064,0.325414234,"Beef, rib eye steak, boneless, lip off, separable lean and fat, trimmed to 0"" fat, select, cooked, grilled",Beef Products
283,-0.624191549,0.48064,0.319206874,"Pork, fresh, variety meats and by-products, stomach, cooked, simmered",Pork Products
284,-0.354498362,0.48064,0.31144672,lamb,"Lamb, Veal, and Game Products"
285,-1.51490755,0.48064,0.325203658,"Beef, flank, steak, separable lean and fat, trimmed to 0"" fat, choice, cooked, braised",Beef Products
286,3.118239791,0.48064,0.39334847,pork ribs,Pork Products
287,3.166418003,0.48064,0.520712106,tuna,Finfish and Shellfish Products
288,2.974847091,0.48064,0.437595777,pork loin (lean),Pork Products
289,0.570847694,0.48064,0.446481954,rib eye fillet,Beef Products
290,-0.137904132,0.48064,0.497261422,porterhouse steak (fat trimmed),Beef Products
291,5.445915738,0.48064,0.591670672,pork liver,offal
292,0.740556051,0.48064,0.359778982,chicken,Poultry Products
293,0.866558628,0.48064,0.4825417,beef roast,Beef Products
294,1.544220134,0.48064,0.533843125,bison,"Lamb, Veal, and Game Products"
295,0.991558971,0.48064,0.378132965,roast beef,Beef Products
296,2.162878705,0.48064,0.301830303,ground turkey,Poultry Products
297,2.279235994,0.48064,0.519443121,beef heart,offal
298,3.358760127,0.48064,0.563779351,pork shoulder,Pork Products
299,2.655024693,0.48064,0.514399768,chuck steak,Beef Products
300,3.501820339,0.48064,0.406981774,roast pork,Pork Products
301,-0.687266316,0.48064,0.303581205,ground beef,Beef Products
302,5.985174359,0.48064,0.483724115,lamb liver,offal
303,7.822107996,0.48064,0.451627732,trout,Finfish and Shellfish Products
304,0.271179116,0.48064,0.423787344,lamb chop,"Lamb, Veal, and Game Products"
305,0.219155909,0.48064,0.483908206,lamb shank,"Lamb, Veal, and Game Products"
306,3.062126706,0.48064,0.567589228,sirloin steak (lean),Beef Products
307,1.609851578,0.48064,0.549629324,beef tripe,offal
308,3.143987732,0.48064,0.410526766,pork loin,Pork Products
309,5.054986855,0.48064,0.554488354,veal liver,offal
310,2.729449698,0.48064,0.477008087,lamb heart,offal
311,4.988275179,0.48064,0.594734193,beef liver,offal
312,-0.569512748,0.48064,0.443850329,elk,"Lamb, Veal, and Game Products"
313,4.290156266,0.48064,0.539858078,ground pork,Pork Products
314,2.816751862,0.48064,0.594779148,ground beef (lean),Beef Products
315,3.844340252,0.48064,0.561548502,leg ham,Pork Products
316,2.490414367,0.48064,0.429378359,lamb (lean),"Lamb, Veal, and Game Products"
317,6.255638778,0.48064,0.490508397,sturgeon,Finfish and Shellfish Products
318,5.726717009,0.48064,0.538409256,pork chops (lean),Pork Products
319,7.492970365,0.48064,0.469420071,turkey liver,offal
320,6.073372921,0.48064,0.495584015,chicken liver,offal
321,2.742716886,0.48064,0.503095021,turkey,Poultry Products
322,1.585812213,0.48064,0.480545437,veal loin,"Lamb, Veal, and Game Products"
323,7.935100589,0.48064,0.516374604,salmon,Finfish and Shellfish Products
324,9.842370867,0.48064,0.468718367,fish roe,Finfish and Shellfish Products
325,2.335264975,0.48064,0.265637972,lamb brains,offal
326,-1.494652047,0.48064,0.374689315,"Beef, variety meats and by-products, tripe, cooked, simmered",Beef Products
327,5.978444699,0.48064,0.518291799,beef kidney,offal
328,5.16798388,0.48064,0.469866766,turkey heart,offal
329,4.393877585,0.48064,0.565997753,turkey gizzard,offal
330,-3.958340897,0.48064,0.346991434,prok ears,Pork Products
331,6.460918219,0.48064,0.452676963,smelt,American Indian/Alaska Native Foods
332,2.704443829,0.48064,0.472121088,chicken drumstick,Poultry Products
333,5.611983951,0.48064,0.374659394,sardine,Finfish and Shellfish Products
334,-0.927877744,0.48064,0.582815888,lamb lungs,offal
335,-0.81141437,0.48064,0.386432716,"Chicken, broiler, rotisserie, BBQ, thigh, meat only",Poultry Products
336,6.966022047,0.48064,0.523285151,lamb kidney,offal
337,4.30637331,0.48064,0.57421319,abalone,Finfish and Shellfish Products
338,8.105509141,0.48064,0.628483276,mussel,Finfish and Shellfish Products
339,-2.336601961,0.48064,0.403640527,pork skins,Snacks
340,-2.07745396,0.48064,0.390060499,"Sausage, Italian, sweet, links",Sausages and Luncheon Meats
341,7.142906458,0.48064,0.570369472,flounder,Finfish and Shellfish Products
342,4.644718962,0.48064,0.359562578,herring,Finfish and Shellfish Products
343,0.990066025,0.48064,0.277355506,turkey,Poultry Products
344,9.030447105,0.48064,0.333194536,caviar,Finfish and Shellfish Products
345,-1.099092415,0.48064,0.20192413,headcheese,offal
346,-2.769662454,0.48064,0.348235294,HORMEL Pillow Pak Sliced Turkey Pepperoni,Sausages and Luncheon Meats
347,1.120592308,0.48064,0.293188829,ham,Pork Products
348,2.544156092,0.48064,0.408266829,roast ham,Pork Products
349,6.834729138,0.48064,0.436571773,anchovy,Finfish and Shellfish Products
350,-2.064514572,0.447303889,0.751679242,"Tortillas, ready-to-bake or -fry, corn",Baked Products
351,-1.78593004,0.450105784,0.813700096,"Cornmeal, whole-grain, yellow",Cereal Grains and Pasta
352,-1.78593004,0.450105784,0.813700096,"Cornmeal, whole-grain, white",Cereal Grains and Pasta
353,-1.41372841,0.450526316,0.177516372,peanuts,Legumes and Legume Products
354,-1.978800768,0.444671752,0.785420732,"Corn grain, yellow",Cereal Grains and Pasta
355,-2.106841414,0.444465255,0.808980796,"Corn flour, whole-grain, yellow",Cereal Grains and Pasta
356,-2.106841414,0.444465255,0.808980796,"Corn flour, whole-grain, white",Cereal Grains and Pasta
357,-0.632425543,0.439066727,0.832456675,egg noodles,Cereal Grains and Pasta
358,-0.267155537,0.438776447,0.68473801,oat bran muffins,Baked Products
359,0.394146128,0.491242752,0.612973819,navy beans,Legumes and Legume Products
360,-1.484867629,0.465556196,0.298670574,pork feet,Pork Products
361,-3.866015107,0.444956422,0.929821508,rice noodles,Cereal Grains and Pasta
362,-1.896541081,0.435066526,0.818900242,"Bread, white, commercially prepared, low sodium, no salt",Baked Products
363,-3.502952792,0.433511214,0.725843505,Grahams Crackers,Baked Products
364,-1.032257007,0.462537713,0.259199431,T-bone steak,Beef Products
365,-2.087485879,0.451791775,0.893030547,sponge cake,Baked Products
366,-3.538978013,0.431783247,0.635054463,"Pie, mince, prepared from recipe",Baked Products
367,3.186146573,0.431552765,0.389751911,cumin,Spices and Herbs
368,-0.590723318,0.449580064,0.927058824,sour cream (fat free),Dairy and Egg Products
369,-1.617076293,0.432828746,0.223209871,pistachio nuts,Nut and Seed Products
370,0.006020319,0.445682208,0.341211959,mozzarella,Dairy and Egg Products
371,0.07369132,0.436046165,0.515390214,gooseberries,Fruits and Fruit Juices
372,-1.68441077,0.476755889,0.862391885,"English muffins, raisin-cinnamon (includes apple-cinnamon)",Baked Products
373,-0.957527823,0.428215547,0.668215702,"Oat flour, partially debranned",Cereal Grains and Pasta
374,-1.842207533,0.42368004,0.557704762,"Crackers, toast thins, low sodium",Baked Products
375,-1.749445208,0.429755434,0.788434584,"Rolls, french",Baked Products
376,-3.346359915,0.421694747,0.600700604,"Cake, snack cakes, creme-filled, chocolate with frosting",Baked Products
377,-4.085122509,0.420859228,0.489912604,cheesecake,Baked Products
378,-3.530786275,0.420570241,0.518430994,"Pie, fried pies, fruit",Baked Products
379,-3.152686708,0.419936906,0.596200536,"Strudel, apple",Baked Products
380,5.14057356,0.419415413,0.132876925,curry powder,Spices and Herbs
381,-0.907918575,0.470359326,0.678478153,"Bread, multi-grain (includes whole-grain)",Baked Products
382,-3.016782671,0.415939224,0.670472238,"Cookies, chocolate wafers",Baked Products
383,-1.329153832,0.412165205,0.716126075,"Rolls, dinner, wheat",Baked Products
384,-1.420043519,0.41208917,0.181335189,peanut butter,Legumes and Legume Products
385,0.33792208,0.418699822,0.191168007,pumpkin seeds,Nut and Seed Products
386,4.633304675,0.440252695,0.217553098,beef brains,offal
387,0.467330048,0.410248219,0.156710753,almond butter,Nut and Seed Products
388,-0.64342366,0.460388596,0.603178319,"Bread, reduced-calorie, wheat",Baked Products
389,2.92419367,0.418354343,0.418501938,dill seed,Spices and Herbs
390,-2.858118886,0.418300692,0.522290618,gingko nuts,Nut and Seed Products
391,0.586956418,0.414787252,0.754434348,saffron,Spices and Herbs
392,0.416072153,0.405218279,0.151949612,almonds,Nut and Seed Products
393,5.391878471,0.401833389,0.342137058,thyme,Spices and Herbs
394,-1.644911735,0.452591349,0.857962459,"English muffins, raisin-cinnamon, toasted (includes apple-cinnamon)",Baked Products
395,0.248296874,0.411367721,0.897118805,sprouted wheat,Cereal Grains and Pasta
396,-3.575530832,0.399981571,0.559684964,"Pie, apple, commercially prepared, enriched flour",Baked Products
397,-3.509107433,0.399947273,0.609235234,choc chip cookies,Baked Products
398,-0.356370246,0.413796853,0.188679115,meatballs,Sausages and Luncheon Meats
399,3.039293469,0.399391889,0.149048452,sunflower seeds,Nut and Seed Products
400,-1.591769818,0.398507454,0.809058242,"Rolls, hard (includes kaiser)",Baked Products
401,-2.238885193,0.396741285,0.568778537,"Sweet rolls, cinnamon, commercially prepared with raisins",Baked Products
402,-3.236150454,0.395373719,0.615469281,"Cookies, oatmeal, commercially prepared, special dietary",Baked Products
403,-0.402494332,0.395915544,0.804336417,"Noodles, egg, enriched, cooked",Cereal Grains and Pasta
404,-1.223033697,0.395915544,0.804336417,"Noodles, egg, unenriched, cooked, without added salt",Cereal Grains and Pasta
405,-2.995126403,0.392108158,0.552243994,"Cookies, chocolate sandwich, with creme filling, special dietary",Baked Products
406,-3.420936787,0.391719557,0.613526639,"Cookies, oatmeal, commercially prepared, regular",Baked Products
407,-1.852001886,0.409761109,0.239394978,gouda cheese,Dairy and Egg Products
408,1.272692736,0.39129877,0.11489527,flax seed,Nut and Seed Products
409,-3.230114694,0.388803805,0.095333396,coconut meat,Nut and Seed Products
410,-4.054609774,0.384773788,0.47193729,fudge filled cookies,Baked Products
411,-1.777887125,0.403415842,0.230763461,edam cheese,Dairy and Egg Products
412,-1.620554634,0.410957877,0.219273324,gruyere cheese,Dairy and Egg Products
413,-2.596122467,0.392558011,0.861742637,"Bread, white, prepared from recipe, made with nonfat dry milk",Baked Products
414,-2.806499181,0.382232876,0.673134135,"Cake, boston cream pie, commercially prepared",Baked Products
415,-0.897317759,0.432237018,0.706378636,"Rolls, hamburger or hot dog, wheat/cracked wheat",Baked Products
416,-3.353753278,0.39125674,0.726015727,water biscuits,Baked Products
417,-3.186923679,0.388644572,0.9227374,rice flour,Cereal Grains and Pasta
418,-3.160410553,0.378006537,0.550518588,"Doughnuts, cake-type, chocolate, sugared or glazed",Baked Products
419,-1.620103933,0.375768079,0.52977735,"Danish pastry, fruit, enriched (includes apple, cinnamon, raisin, lemon, raspberry, strawberry)",Baked Products
420,-1.763903563,0.375580601,0.761724863,"Rolls, dinner, plain, commercially prepared (includes brown-and-serve)",Baked Products
421,-3.334766128,0.375355545,0.621913552,"Cookies, brownies, commercially prepared",Baked Products
422,-0.23598337,0.426444797,0.654102583,bread roll,Baked Products
423,-0.97333448,0.382222909,0.099671572,sesame seeds,Nut and Seed Products
424,5.358415462,0.37314407,0.263702741,sage,Spices and Herbs
425,-3.885663886,0.372471329,0.547329738,choc chip cookies,Baked Products
426,-2.962663769,0.40148395,0.213023023,goat cheese,Dairy and Egg Products
427,-1.186308854,0.421527184,0.829729807,"English muffins, plain, enriched, with ca prop (includes sourdough)",Baked Products
428,-2.86661226,0.369004484,0.450899917,"Danish pastry, nut (includes almond, raisin nut, cinnamon nut)",Baked Products
429,-3.545459536,0.368861532,0.629422856,"Cookies, marshmallow, chocolate-coated (includes marshmallow pies)",Baked Products
430,-1.983139262,0.387147856,0.346414585,"Sausage, chicken, beef, pork, skinless, smoked",Sausages and Luncheon Meats
431,-0.800659809,0.378058936,0.522059375,bay leaf,Spices and Herbs
432,-2.57900921,0.366375257,0.691012276,"Pie, lemon meringue, commercially prepared",Baked Products
433,-0.678647437,0.394930734,0.219387249,Swiss cheese,Dairy and Egg Products
434,-1.87937978,0.370705901,0.450863665,hummus,Legumes and Legume Products
435,-2.897701441,0.363581346,0.670953062,"Cookies, vanilla wafers, lower fat",Baked Products
436,6.596311099,0.361976139,0.35199254,cloves,Spices and Herbs
437,-0.882706067,0.390614682,0.337424004,parmesan cheese,Dairy and Egg Products
438,-2.358222605,0.361542311,0.562710021,"Crackers, wheat, low salt",Baked Products
439,-1.650276536,0.383928677,0.207147403,camembert,Dairy and Egg Products
440,-2.813035255,0.358794238,0.581015757,"Cookies, peanut butter sandwich, regular",Baked Products
441,-0.196678881,0.358766644,0.968408236,Poi,Vegetables and Vegetable Products
442,-0.288881174,0.357315559,0.750671043,egg bread,Baked Products
443,-1.947981168,0.362389155,0.13400358,walnuts,Nut and Seed Products
444,-2.546499551,0.356614973,0.700230639,"Coffeecake, cinnamon with crumb topping, dry mix, prepared",Baked Products
445,-0.982361424,0.35629093,0.751165354,"Bread, egg, toasted",Baked Products
446,-2.107086198,0.381620799,0.204808916,Monterey cheese,Dairy and Egg Products
447,-3.088638636,0.354794544,0.57684488,"Cookies, chocolate, made with rice cereal",Baked Products
448,-1.869285559,0.377751233,0.265225881,ricotta,Dairy and Egg Products
449,-2.591517425,0.352973442,0.232120005,nutmeg,Spices and Herbs
450,-3.594349999,0.352579999,0.587326823,"Pie, peach",Baked Products
451,-2.10894488,0.372685157,0.205688827,muenster cheese,Dairy and Egg Products
452,-3.464182445,0.349960209,0.55473134,"Cookies, chocolate chip, refrigerated dough",Baked Products
453,-0.553007407,0.352531724,0.102689246,hazelnuts,Nut and Seed Products
454,-2.517004119,0.350644703,0.063452163,pecans,Nut and Seed Products
455,-1.130088697,0.366610218,0.220122203,feta cheese,Dairy and Egg Products
456,-2.731743491,0.382074885,0.51974544,"Cake, chocolate, commercially prepared with chocolate frosting, in-store bakery",Baked Products
457,-1.548142171,0.34704036,0.028388409,olives,Fruits and Fruit Juices
458,-0.014419858,0.348246969,0.076029706,avocado,Fruits and Fruit Juices
459,-3.167390536,0.355852155,0.951404631,white rice,Cereal Grains and Pasta
460,-3.602851587,0.346023,0.534972894,"Pie crust, cookie-type, prepared from recipe, graham cracker, chilled",Baked Products
461,-3.724472889,0.346023,0.609345669,"Pie, cherry, commercially prepared",Baked Products
462,-3.173989763,0.346023,0.682528401,"Cookies, raisin, soft-type",Baked Products
463,-3.695703583,0.346023,0.585660628,"Doughnuts, french crullers, glazed",Baked Products
464,-2.162338132,0.353153391,0.546499964,"Crackers, cheese, whole grain",Baked Products
465,-3.615434824,0.346023,0.723252314,"Cake, white, prepared from recipe with coconut frosting",Baked Products
466,-2.600978235,0.366683977,0.194236551,brie,Dairy and Egg Products
467,-2.102323912,0.346023,0.467005149,"Cream puff, eclair, custard or cream filled, iced",Baked Products
468,-2.554606865,0.340142189,0.693990528,"Biscuits, plain or buttermilk, refrigerated dough, lower fat",Baked Products
469,-1.754779017,0.346023,0.492573993,"Doughnuts, yeast-leavened, with jelly filling",Baked Products
470,-4.463297388,0.357825442,0.98824757,corn-starch,Cereal Grains and Pasta
471,-2.316077843,0.346023,0.562460764,"Crackers, whole-wheat, low salt",Baked Products
472,-2.503069894,0.338307317,0.695551485,"Muffins, blueberry, toaster-type, toasted",Baked Products
473,-1.852284178,0.367664712,0.190453255,lamb rib,"Lamb, Veal, and Game Products"
474,-1.781730942,0.3627896,0.188566068,limburger cheese,Dairy and Egg Products
475,-2.487554066,0.347876626,0.740262177,"Tortillas, ready-to-bake or -fry, flour, without added calcium",Baked Products
476,-4.120512363,0.346023,0.507018147,girl scout cookies,Baked Products
477,-2.5469856,0.33630943,0.582228161,"Croutons, seasoned",Baked Products
478,-3.71218875,0.346023,0.409177727,"Cookies, sugar wafer, with creme filling, sugar free",Baked Products
479,-2.424437983,0.346023,0.261850613,mace,Spices and Herbs
480,-1.562351636,0.346023,0.477627451,"Bread stuffing, cornbread, dry mix, prepared",Baked Products
481,-2.155954652,0.346023,0.658860661,"Crackers, saltines, whole wheat (includes multi-grain)",Baked Products
482,4.784563215,0.364727344,0.138179393,mackerel,Finfish and Shellfish Products
483,-1.552486543,0.359677032,0.210383788,blue cheese,Dairy and Egg Products
484,-2.92960305,0.333661517,0.697431677,"Biscuits, plain or buttermilk, refrigerated dough, lower fat, baked",Baked Products
485,-2.287882689,0.358555963,0.20749205,Colby,Dairy and Egg Products
486,-3.449975365,0.346023,0.670211293,"Cake, white, prepared from recipe without frosting",Baked Products
487,-2.343371153,0.383663689,0.560225299,"Pie, pumpkin, commercially prepared",Baked Products
488,0.64502928,0.383242143,0.827281141,bagels,Baked Products
489,-2.851023221,0.331634681,0.478968755,"Danish pastry, cinnamon, enriched",Baked Products
490,-3.955620254,0.346023,0.582550723,"Cookies, sugar, refrigerated dough",Baked Products
491,-2.676605398,0.338677722,0.795513113,"Bread, irish soda, prepared from recipe",Baked Products
492,-3.770123238,0.328039581,0.597400557,"Pie, blueberry, commercially prepared",Baked Products
493,-3.792828245,0.346023,0.559961256,"Cookies, sugar, refrigerated dough, baked",Baked Products
494,-1.031152894,0.378072838,0.698332663,"Bread, wheat",Baked Products
495,-2.050881308,0.346023,0.430117206,human breast milk,Dairy and Egg Products
496,-2.732692443,0.346023,0.585013664,"Cake, yellow, commercially prepared, with vanilla frosting",Baked Products
497,-0.614801688,0.353824574,0.199970436,cheddar cheese,Dairy and Egg Products
498,0.125535818,0.344528449,0.198721526,pork sausage,Sausages and Luncheon Meats
499,-1.410965186,0.35236923,0.331755068,Poultry salad sandwich spread,Sausages and Luncheon Meats
500,-2.724936636,0.322539399,0.675504429,"Crackers, milk",Baked Products
501,-2.739863804,0.325180606,0.060245212,macadamia nuts,Nut and Seed Products
502,-2.936188309,0.320958705,0.58008188,"Crackers, multigrain",Baked Products
503,-1.295992247,0.348034191,0.176927247,pork ribs,Pork Products
504,-2.306276032,0.316742605,0.491088664,croissaunt,Baked Products
505,-2.0612733,0.346021275,0.180362875,duck,Poultry Products
506,-2.846036452,0.357440261,0.560288449,"Cake, yellow, commercially prepared, with chocolate frosting, in-store bakery",Baked Products
507,-1.326412072,0.367366155,0.859186472,english muffins,Baked Products
508,0.157326254,0.342938849,0.180787187,salami,Sausages and Luncheon Meats
509,-3.014975714,0.315563931,0.084801662,coconut milk,Nut and Seed Products
510,-2.307637349,0.323063814,0.167388407,butternuts,Nut and Seed Products
511,-1.543599338,0.362771509,0.774560952,"Bread crumbs, dry, grated, seasoned",Baked Products
512,-2.139929189,0.362723865,0.764488686,"Rolls, gluten-free, white, made with rice flour, rice starch, and corn starch",Baked Products
513,0.012502225,0.362054456,0.777291333,"Pasta, whole-wheat, cooked",Cereal Grains and Pasta
514,-2.669536738,0.339531184,0.178891116,beef sausage,Sausages and Luncheon Meats
515,-2.3660342,0.316930658,0.524658505,"Pie, banana cream, prepared from recipe",Baked Products
516,-2.845016099,0.309528347,0.597789211,"Crackers, sandwich-type, peanut butter filled, reduced fat",Baked Products
517,1.604171954,0.307589552,0.090751028,brazil nuts,Nut and Seed Products
518,-3.601001799,0.357230072,0.529794832,"Cookies, chocolate sandwich, with extra creme filling",Baked Products
519,-2.593343374,0.315852138,0.767300609,"Bread, white, prepared from recipe, made with low fat (2%) milk",Baked Products
520,-2.265407439,0.319274865,0.511687464,"Pie, vanilla cream, prepared from recipe",Baked Products
521,-2.267109965,0.305772815,0.738901464,"Bread sticks, plain",Baked Products
522,-3.086645028,0.353811078,0.601087995,"Pie, pecan, commercially prepared",Baked Products
523,-1.554872138,0.330527564,0.173099864,chorizo,Sausages and Luncheon Meats
524,1.077827927,0.330403334,0.932584787,lemon grass,Vegetables and Vegetable Products
525,-0.326353534,0.310417541,0.211704993,sesame butter,Nut and Seed Products
526,-3.09927911,0.346340618,0.602149907,"Cookies, chocolate sandwich, with creme filling, regular",Baked Products
527,5.715169049,0.323627323,0.183256182,egg yolk,Dairy and Egg Products
528,-3.11053104,0.305184048,0.715088827,"Cookies, molasses",Baked Products
529,-2.177513954,0.293569252,0.636886554,"Noodles, chinese, chow mein",Cereal Grains and Pasta
530,-2.79263582,0.292763032,0.639528732,"Biscuits, plain or buttermilk, dry mix",Baked Products
531,-1.428627052,0.341139962,0.812596401,"Bread, french or vienna (includes sourdough)",Baked Products
532,-2.755171717,0.3033012,0.375007666,"Doughnuts, yeast-leavened, with creme filling",Baked Products
533,-0.630097514,0.31742865,0.438173769,milk (full fat),Dairy and Egg Products
534,-3.470679879,0.338338858,0.569005417,"Pie, Dutch Apple, Commercially Prepared",Baked Products
535,-1.555680171,0.337740231,0.758084014,"Bread, white, commercially prepared (includes soft bread crumbs)",Baked Products
536,-1.809025584,0.285647531,0.585060298,"Hush puppies, prepared from recipe",Baked Products
537,-3.598725807,0.294068826,0.338772935,coconut,Nut and Seed Products
538,-2.587405594,0.288331314,0.772315758,Phyllo dough,Baked Products
539,1.715605675,0.330486373,0.733306573,quinoa,Cereal Grains and Pasta
540,-1.726312534,0.326198981,0.322332849,"Chicken patty, frozen, uncooked",Poultry Products
541,-3.210858902,0.33146047,0.44377997,"Cinnamon buns, frosted (includes honey buns)",Baked Products
542,-2.492702514,0.26855523,0.695253594,"Muffins, blueberry, toaster-type",Baked Products
543,-2.545540953,0.275959673,0.744217922,"Rolls, dinner, plain, prepared from recipe, made with low fat (2%) milk",Baked Products
544,-1.739325796,0.284717327,0.12522998,liver sausage,offal
545,-1.938276426,0.275671068,0.699210652,"Crackers, cheese, reduced fat",Baked Products
546,-2.017987067,0.318353212,0.582797133,blueberry muffins,Baked Products
547,-2.179369583,0.293180757,0.162045249,liver pate,offal
548,-0.843998167,0.319391172,0.388929829,"Chicken breast tenders, breaded, uncooked",Poultry Products
549,-2.623195634,0.311860286,0.479525653,"Doughnuts, yeast-leavened, glazed, enriched (includes honey buns)",Baked Products
550,-0.775427863,0.287664118,0.163829403,liverwurst,offal
551,-3.420453333,0.306671993,0.533229002,"Cookies, chocolate chip, commercially prepared, regular, higher fat, enriched",Baked Products
552,-3.285013164,0.265242056,0.668175271,"Coffeecake, fruit",Baked Products
553,-3.437683801,0.311406789,0.68302793,"Cake, snack cakes, creme-filled, sponge",Baked Products
554,-1.295032643,0.309726139,0.85671507,"Rice, brown, long-grain, cooked",Cereal Grains and Pasta
555,-3.188865544,0.305372792,0.550710279,"Pie Crust, Cookie-type, Chocolate, Ready Crust",Baked Products
556,-3.732969006,0.305005793,0.569281952,"Cookies, sugar wafers with creme filling, regular",Baked Products
557,-2.479152282,0.301508985,0.820977936,"Corn flour, masa, unenriched, white",Cereal Grains and Pasta
558,-0.534494031,0.278537626,0.162957284,bratwurst,Sausages and Luncheon Meats
559,-2.791288578,0.26700938,0.138051328,blood sausage,Sausages and Luncheon Meats
560,-3.621885694,0.256074875,0.371552359,"Pie crust, standard-type, prepared from recipe, unbaked",Baked Products
561,-2.817962344,0.245517875,0.47558156,"Bread, cheese",Baked Products
562,-3.341420293,0.295821615,0.73278416,"Toaster Pastries, fruit, frosted (include apples, blueberry, cherry, strawberry)",Baked Products
563,-3.02815457,0.293981085,0.892632555,cornmeal,Cereal Grains and Pasta
564,-2.968794186,0.254537187,0.66417837,"Biscuits, plain or buttermilk, refrigerated dough, higher fat",Baked Products
565,-1.57858891,0.293447276,0.755941037,"Rolls, hamburger or hotdog, plain",Baked Products
566,-2.318929284,0.291698872,0.650793873,"Bread, naan, whole wheat, commercially prepared, refrigerated",Baked Products
567,-0.987542189,0.268436185,0.117101426,sweetbread,offal
568,-1.51878516,0.265251225,0.128673142,pepperoni,Sausages and Luncheon Meats
569,-1.67005062,0.261580446,0.342667479,"Scrapple, pork",Sausages and Luncheon Meats
570,-2.777622762,0.244749521,0.404892962,"Cookies, peanut butter, commercially prepared, sugar free",Baked Products
571,-1.139556243,0.267109376,0.259867525,cashews,Nut and Seed Products
572,-0.855654197,0.251290254,0.151605378,kielbasa,Sausages and Luncheon Meats
573,-2.995476888,0.261183064,0.110206186,bologna,Sausages and Luncheon Meats
574,-3.164515314,0.237917733,0.449262762,"Danish pastry, cheese",Baked Products
575,-3.717121372,0.240528128,0.084011756,coconut cream,Nut and Seed Products
576,-2.572202586,0.229461975,0.416067431,"Bread stuffing, bread, dry mix, prepared",Baked Products
577,-2.960924083,0.281273082,0.913333506,wheat flour,Cereal Grains and Pasta
578,-1.676598732,0.307622528,0.335827294,"Chicken patty, frozen, cooked",Poultry Products
579,-1.141031638,0.229501977,0.114240116,pine nuts,Nut and Seed Products
580,-2.085327798,0.254805002,0.155207888,knackwurst,Sausages and Luncheon Meats
581,-2.428185281,0.224693737,0.678743349,"Biscuits, plain or buttermilk, frozen, baked",Baked Products
582,-3.529719942,0.234599862,0.568877792,"Cookies, oatmeal, refrigerated dough",Baked Products
583,-3.250194227,0.251429194,0.165158028,frankfurter,Sausages and Luncheon Meats
584,-2.851996456,0.218696148,0.552222801,"Biscuits, plain or buttermilk, prepared from recipe",Baked Products
585,-2.158444282,0.27212714,0.77602462,"Pasta, gluten-free, corn flour and quinoa flour, cooked, ANCIENT HARVEST",Cereal Grains and Pasta
586,-2.512577182,0.216528322,0.568613429,"Crackers, standard snack-type, sandwich, with cheese filling",Baked Products
587,-1.203861028,0.233822081,0.12775196,sour cream,Dairy and Egg Products
588,-2.827850328,0.263912045,0.445624986,"Doughnuts, cake-type, plain (includes unsugared, old-fashioned)",Baked Products
589,-1.536678363,0.239508867,0.301983637,"Sandwich spread, pork, beef",Sausages and Luncheon Meats
590,-1.513273697,0.230447084,0.105799612,bacon,Pork Products
591,-3.169531086,0.217509312,0.473264163,"Coffeecake, cinnamon with crumb topping, commercially prepared, enriched",Baked Products
592,-3.220668688,0.258392623,0.649825877,"Cookies, vanilla wafers, higher fat",Baked Products
593,-3.404744176,0.223533539,0.391814516,"Pie crust, cookie-type, prepared from recipe, vanilla wafer, chilled",Baked Products
594,-2.663115174,0.253231546,0.69709276,"Bread, gluten-free, white, made with rice flour, corn starch, and/or tapioca",Baked Products
595,-1.921393711,0.211338922,0.603591435,"Cake, chocolate, prepared from recipe without frosting",Baked Products
596,-3.266471159,0.254886164,0.598335958,"Cookies, sugar, commercially prepared, regular (includes vanilla)",Baked Products
597,-3.025617041,0.250185253,0.479659747,"Bread, paratha, whole wheat, commercially prepared, frozen",Baked Products
598,-3.043659794,0.194712284,0.522466193,"Crackers, standard snack-type, regular, low salt",Baked Products
599,-1.684045635,0.254679738,0.842317009,"Pasta, gluten-free, brown rice flour, cooked, TINKYADA",Cereal Grains and Pasta
600,-1.739727978,0.214318958,0.113799752,cream cheese,Dairy and Egg Products
601,-3.489063209,0.248077992,0.919319401,white flour,Cereal Grains and Pasta
602,-1.923331946,0.207833468,0.056056057,cream,Dairy and Egg Products
603,-3.184144293,0.24289591,0.70561618,"Toaster pastries, fruit (includes apple, blueberry, cherry, strawberry)",Baked Products
604,-2.056410964,0.208128357,0.26298984,sour cream (light),Dairy and Egg Products
605,-3.701696852,0.243474466,0.896852522,guten free pasta,Cereal Grains and Pasta
606,-1.656838867,0.232146791,0.543967595,"Bread, chapati or roti, whole wheat, commercially prepared, frozen",Baked Products
607,-3.020225181,0.192175,0.570269332,"Coffeecake, cheese",Baked Products
608,-3.519370291,0.192175,0.567134423,"Cake, pound, commercially prepared, other than all butter, enriched",Baked Products
609,-3.424973165,0.192175,0.646168388,"Cake, pineapple upside-down, prepared from recipe",Baked Products
610,-3.55688237,0.223465874,0.520933203,"Pie Crust, Cookie-type, Graham Cracker, Ready Crust",Baked Products
611,-3.45690265,0.192175,0.494260918,"Cookies, peanut butter, refrigerated dough",Baked Products
612,-1.660462247,0.219077874,0.738284887,"Bread, roll, Mexican, bollilo",Baked Products
613,-2.196568234,0.218129441,0.693614083,"Tortillas, ready-to-bake or -fry, flour, refrigerated",Baked Products
614,-3.204957527,0.192175,0.61952931,"Cake, yellow, prepared from recipe without frosting",Baked Products
615,-2.384715252,0.214817612,0.613115236,"Bread, pan dulce, sweet yeast bread",Baked Products
616,-2.57222259,0.192175,0.018010836,butter,Dairy and Egg Products
617,-2.170255143,0.192175,0.065560275,pili nuts,Nut and Seed Products
618,-4.091817178,0.192175,0.045283026,lamb,"Lamb, Veal, and Game Products"
619,-1.128172291,0.205748273,0.551285449,seed crackers,Baked Products
620,-2.058249414,0.200504254,0.606868149,whole wheat crackers,Baked Products
621,-3.020402712,0.192175,0.518369557,"Taco shells, baked",Baked Products
622,-2.650612482,0.190908734,0.610715915,"Biscuits, plain or buttermilk, refrigerated dough, higher fat, baked",Baked Products
623,-2.634747792,0.180558655,0.505139127,"Crackers, cheese, sandwich-type with peanut butter filling",Baked Products
624,-2.655170175,0.176257183,0.520364405,"Crackers, standard snack-type, sandwich, with peanut butter filling",Baked Products
625,-2.906620093,0.173279083,0.749080614,"Pancakes, gluten-free, frozen, ready-to-heat",Baked Products
626,-2.647112746,0.156597467,0.520991996,"Crackers, cheese, sandwich-type with cheese filling",Baked Products
627,-2.274899647,0.156323918,0.519069886,"Garlic bread, frozen",Baked Products
628,-2.070843777,0.154387839,0.718750621,"Tortillas, ready-to-bake or -fry, flour, shelf stable",Baked Products
629,-3.643579739,0.138278984,0.458907699,"Pie crust, standard-type, frozen, ready-to-bake, enriched, baked",Baked Products
630,-3.659729491,0.120136006,0.451489036,"Pie crust, standard-type, frozen, ready-to-bake, enriched",Baked Products
